capture_id,plate_id,camera_id,captured_at,observed_make,observed_model,observed_colour,ocr_confidence
1,UP16AB0405,CAM001,2026-07-30T22:00:00,Honda,City,White,0.884
2,UP16AB0484,CAM001,2026-08-15T08:00:00,Kia,Seltos,Grey,0.904
3,HR26IJ0401,CAM004,2026-08-23T03:00:00,Tata,Punch,White,0.943
4,DL05CD0386,CAM004,2026-08-20T19:00:00,Toyota,Innova,Grey,0.9
5,HR26EF0083,CAM005,2026-08-25T15:00:00,Kia,Seltos,White,0.985
6,DL01EF0098,CAM003,2026-07-06T19:00:00,Honda,City,Silver,0.857
7,DL01EF0098,CAM003,2026-07-14T20:00:00,Honda,City,Black,0.963
8,MH12GH0504,CAM002,2026-07-13T16:00:00,Tata,Punch,Silver,0.92
9,MH12GH0504,CAM003,2026-08-16T14:00:00,Kia,Seltos,Black,0.957
10,MH12GH0504,CAM001,2026-07-10T01:00:00,Tata,Punch,Red,0.897
11,MH12AB0211,CAM004,2026-07-08T11:00:00,Toyota,Innova,Red,0.941
12,UP16GH0304,CAM005,2026-08-02T15:00:00,Tata,Punch,Blue,0.949
13,MH12CD0279,CAM003,2026-07-29T06:00:00,Honda,City,Grey,0.877
14,MH12CD0279,CAM005,2026-07-13T22:00:00,Honda,City,Grey,0.955
15,MH12EF0395,CAM003,2026-08-23T09:00:00,Tata,Punch,Red,0.986
16,UP16AB0331,CAM003,2026-08-05T00:00:00,Toyota,Innova,Red,0.878
17,UP16AB0331,CAM003,2026-08-09T02:00:00,Toyota,Innova,Black,0.858
18,UP16AB0331,CAM004,2026-07-11T15:00:00,Toyota,Innova,Blue,0.979
19,HR26IJ0496,CAM003,2026-09-01T11:00:00,Tata,Punch,Red,0.887
20,HR26IJ0496,CAM001,2026-08-15T08:00:00,Toyota,Innova,Red,0.921
21,HR26IJ0496,CAM005,2026-08-08T21:00:00,Honda,City,Black,0.852
22,DL05GH0214,CAM001,2026-08-01T04:00:00,Tata,Punch,Silver,0.906
23,DL05GH0214,CAM004,2026-08-24T17:00:00,Honda,City,Silver,0.87
24,HR26CD0302,CAM003,2026-07-25T06:00:00,Honda,City,Grey,0.914
25,DL01EF0498,CAM001,2026-07-15T19:00:00,Honda,City,Red,0.973
26,DL01EF0498,CAM004,2026-07-12T08:00:00,Tata,Punch,Silver,0.851
27,MH12IJ0417,CAM001,2026-08-28T15:00:00,Tata,Punch,Silver,0.985
28,MH12CD0314,CAM002,2026-08-04T20:00:00,Kia,Seltos,Grey,0.871
29,MH12CD0314,CAM003,2026-07-14T10:00:00,Toyota,Innova,Black,0.967
30,MH12CD0314,CAM001,2026-08-26T11:00:00,Kia,Seltos,Black,0.967
31,DL05GH0507,CAM005,2026-07-12T17:00:00,Tata,Punch,Blue,0.884
32,MH12IJ0396,CAM005,2026-08-07T20:00:00,Toyota,Innova,Black,0.999
33,MH12IJ0396,CAM005,2026-08-12T02:00:00,Tata,Punch,Black,0.891
34,MH12IJ0396,CAM002,2026-08-03T10:00:00,Kia,Seltos,Red,0.915
35,DL01IJ0192,CAM003,2026-07-23T02:00:00,Kia,Seltos,White,0.883
36,DL01IJ0192,CAM004,2026-08-26T05:00:00,Tata,Punch,Silver,0.98
37,UP16AB0529,CAM001,2026-07-23T07:00:00,Honda,City,Grey,0.958
38,UP16AB0529,CAM002,2026-08-02T09:00:00,Honda,City,Black,0.89
39,MH12EF0228,CAM004,2026-08-05T19:00:00,Honda,City,Red,0.969
40,DL01CD0588,CAM003,2026-07-20T03:00:00,Toyota,Innova,Silver,0.885
41,UP16CD0202,CAM001,2026-08-18T00:00:00,Toyota,Innova,Black,0.935
42,UP16CD0202,CAM003,2026-08-11T16:00:00,Toyota,Innova,Black,0.867
43,DL05GHO258,CAM004,2026-08-26T07:00:00,Maruti Suzuki,Swift,Black,0.693
44,DLO5EF0461,CAM001,2026-08-24T22:00:00,Tata,Nexon,Red,0.815
45,DLO5EF0461,CAM005,2026-09-01T15:00:00,Tata,Nexon,Red,0.658
46,DLO5AB0499,CAM002,2026-07-27T02:00:00,Honda,City,Black,0.838
47,DL05ABO499,CAM005,2026-09-02T03:00:00,Honda,City,Black,0.932
48,HR26IJ05I0,CAM004,2026-07-13T15:00:00,Honda,City,Blue,0.902
49,HR261J0510,CAM005,2026-07-19T09:00:00,Honda,City,Blue,0.923
50,HR26IJO510,CAM004,2026-08-19T14:00:00,Honda,City,Blue,0.783
51,DLO5AB0577,CAM004,2026-08-15T17:00:00,Mahindra,XUV700,Blue,0.824
52,DLO5EF0455,CAM002,2026-07-30T06:00:00,Mahindra,XUV700,Silver,0.655
53,DLO5EF0455,CAM003,2026-07-27T01:00:00,Mahindra,XUV700,Silver,0.975
54,DL05EFO455,CAM004,2026-08-01T13:00:00,Mahindra,XUV700,Silver,0.704
55,HR26EFO014,CAM002,2026-08-26T12:00:00,Toyota,Innova,Red,0.621
56,DLO1IJ0272,CAM001,2026-08-27T01:00:00,Maruti Suzuki,Baleno,White,0.957
57,DLO1IJ0272,CAM002,2026-07-27T14:00:00,Maruti Suzuki,Baleno,White,0.579
58,UPI6GH0544,CAM003,2026-07-07T18:00:00,Kia,Seltos,Silver,0.89
59,HR26CDO085,CAM005,2026-07-11T00:00:00,Maruti Suzuki,Swift,Silver,0.652
60,HR26CD0O85,CAM004,2026-07-20T22:00:00,Maruti Suzuki,Swift,Silver,0.771
61,DLO1GH0590,CAM005,2026-08-03T01:00:00,Maruti Suzuki,Baleno,Black,0.62
62,DLO1GH0590,CAM001,2026-07-23T04:00:00,Maruti Suzuki,Baleno,Black,0.934
63,DLO1EF0278,CAM002,2026-08-21T18:00:00,Kia,Seltos,White,0.728
64,DLO1EF0278,CAM001,2026-08-12T12:00:00,Kia,Seltos,White,0.707
65,DLO1CD0354,CAM005,2026-08-02T22:00:00,Kia,Seltos,Grey,0.72
66,HR26GHO568,CAM001,2026-09-01T10:00:00,Kia,Seltos,Black,0.693
67,UPI6CD0120,CAM001,2026-08-13T23:00:00,Toyota,Innova,Grey,0.554
68,UP16CD012O,CAM003,2026-07-16T14:00:00,Toyota,Innova,Grey,0.937
69,UP16GH01O5,CAM003,2026-08-28T22:00:00,Hyundai,Creta,White,0.839
70,UP16GHO105,CAM003,2026-09-03T03:00:00,Hyundai,Creta,White,0.807
71,DL05GHO591,CAM005,2026-08-01T18:00:00,Hyundai,Creta,Grey,0.615
72,DL01AB000I,CAM003,2026-08-16T01:00:00,Mahindra,XUV700,White,0.903
73,DL01ABO001,CAM001,2026-09-02T20:00:00,Mahindra,XUV700,White,0.76
74,MH121J0313,CAM004,2026-08-04T14:00:00,Maruti Suzuki,Baleno,Red,0.568
75,MHI2IJ0313,CAM002,2026-08-08T00:00:00,Maruti Suzuki,Baleno,Red,0.694
76,MH12CD0I37,CAM002,2026-09-01T07:00:00,Tata,Nexon,White,0.734
77,MH12EF0299,CAM004,2026-08-20T01:00:00,Toyota,Innova,Red,0.869
78,MH12EF0299,CAM004,2026-08-27T12:00:00,Toyota,Innova,Red,0.9
79,UP16CD0365,CAM002,2026-07-24T05:00:00,Hyundai,Creta,Blue,0.906
80,DL05EF0025,CAM005,2026-07-26T13:00:00,Maruti Suzuki,Baleno,Black,0.868
81,DL05EF0025,CAM002,2026-07-14T10:00:00,Maruti Suzuki,Baleno,Black,0.983
82,DL01AB0377,CAM004,2026-08-23T05:00:00,Tata,Nexon,Blue,0.944
83,DL01AB0377,CAM005,2026-08-08T14:00:00,Tata,Nexon,Blue,0.864
84,DL01AB0531,CAM003,2026-07-07T09:00:00,Maruti Suzuki,Baleno,Grey,0.987
85,DL01IJ0305,CAM001,2026-08-12T19:00:00,Tata,Nexon,Silver,0.855
86,DL01IJ0305,CAM004,2026-07-07T07:00:00,Tata,Nexon,Silver,0.969
87,DL01IJ0305,CAM003,2026-07-27T08:00:00,Tata,Nexon,Silver,0.873
88,UP16CD0438,CAM005,2026-07-26T18:00:00,Honda,City,Silver,0.955
89,UP16CD0438,CAM003,2026-08-21T15:00:00,Honda,City,Silver,0.91
90,UP16CD0438,CAM001,2026-08-31T08:00:00,Honda,City,Silver,0.896
91,HR26CD0096,CAM001,2026-08-09T05:00:00,Hyundai,Creta,Blue,0.859
92,UP16GH0583,CAM002,2026-08-12T14:00:00,Maruti Suzuki,Baleno,Red,0.945
93,UP16GH0583,CAM005,2026-07-12T21:00:00,Maruti Suzuki,Baleno,Red,0.973
94,UP16GH0583,CAM005,2026-07-20T13:00:00,Maruti Suzuki,Baleno,Red,0.907
95,UP16CD0392,CAM003,2026-07-12T17:00:00,Hyundai,Creta,White,0.875
96,DL05GH0263,CAM001,2026-07-11T20:00:00,Maruti Suzuki,Swift,Grey,0.894
97,MH12EF0198,CAM004,2026-08-06T15:00:00,Maruti Suzuki,Baleno,Blue,0.976
98,MH12IJ0082,CAM004,2026-09-01T09:00:00,Hyundai,i20,Black,0.928
99,MH12AB0177,CAM004,2026-07-23T20:00:00,Maruti Suzuki,Swift,Red,0.93
100,HR26CD0021,CAM003,2026-08-07T07:00:00,Maruti Suzuki,Baleno,Silver,0.973
101,HR26CD0021,CAM002,2026-07-13T07:00:00,Maruti Suzuki,Baleno,Silver,0.86
102,HR26CD0021,CAM002,2026-07-16T10:00:00,Maruti Suzuki,Baleno,Silver,0.856
103,DL05EF0004,CAM001,2026-08-01T22:00:00,Toyota,Innova,Blue,0.865
104,HR26IJ0443,CAM004,2026-07-23T08:00:00,Maruti Suzuki,Swift,Blue,0.993
105,DL05AB0145,CAM003,2026-07-06T22:00:00,Honda,City,White,0.96
106,HR26GH0230,CAM004,2026-08-23T10:00:00,Maruti Suzuki,Swift,Grey,0.886
107,DL05CD0122,CAM001,2026-07-19T18:00:00,Tata,Punch,Red,0.882
108,DL05CD0122,CAM004,2026-07-18T09:00:00,Tata,Punch,Red,0.946
109,DL01EF0460,CAM004,2026-08-31T17:00:00,Hyundai,Creta,White,0.969
110,HR26GH0035,CAM001,2026-07-14T18:00:00,Hyundai,Creta,Black,0.916
111,DL01EF0370,CAM005,2026-07-21T09:00:00,Maruti Suzuki,Swift,Black,0.891
112,DL01EF0370,CAM001,2026-08-22T20:00:00,Maruti Suzuki,Swift,Black,0.906
113,DL01EF0370,CAM004,2026-08-13T11:00:00,Maruti Suzuki,Swift,Black,0.941
114,DL01EF0581,CAM002,2026-09-02T00:00:00,Hyundai,Creta,White,0.902
115,DL01EF0581,CAM005,2026-08-24T22:00:00,Hyundai,Creta,White,0.995
116,DL01EF0581,CAM001,2026-08-19T06:00:00,Hyundai,Creta,White,0.936
117,HR26GH0399,CAM002,2026-08-24T06:00:00,Hyundai,Creta,Blue,0.986
118,HR26GH0399,CAM001,2026-07-27T02:00:00,Hyundai,Creta,Blue,0.904
119,HR26GH0399,CAM003,2026-08-20T08:00:00,Hyundai,Creta,Blue,0.954
120,HR26EF0503,CAM001,2026-08-01T20:00:00,Honda,City,Blue,0.988
121,HR26EF0503,CAM002,2026-08-01T06:00:00,Honda,City,Blue,0.979
122,HR26EF0503,CAM004,2026-08-29T05:00:00,Honda,City,Blue,0.907
123,DL05GH0010,CAM002,2026-09-01T18:00:00,Maruti Suzuki,Swift,Blue,0.876
124,DL01EF0586,CAM005,2026-07-17T07:00:00,Hyundai,i20,Red,0.903
125,DL01EF0586,CAM004,2026-08-13T06:00:00,Hyundai,i20,Red,0.962
126,HR26GH0037,CAM002,2026-07-18T19:00:00,Toyota,Innova,Black,0.854
127,UP16EF0271,CAM002,2026-08-11T12:00:00,Honda,City,Grey,0.896
128,UP16EF0271,CAM002,2026-07-15T13:00:00,Honda,City,Grey,0.979
129,UP16EF0024,CAM005,2026-07-30T03:00:00,Maruti Suzuki,Baleno,Red,0.989
130,UP16EF0024,CAM001,2026-07-09T22:00:00,Maruti Suzuki,Baleno,Red,0.936
131,MH12IJ0109,CAM005,2026-07-10T19:00:00,Maruti Suzuki,Baleno,Blue,0.872
132,MH12IJ0109,CAM004,2026-07-20T00:00:00,Maruti Suzuki,Baleno,Blue,0.969
133,MH12AB0087,CAM004,2026-07-14T14:00:00,Honda,City,Grey,0.991
134,DL05AB0012,CAM003,2026-07-07T00:00:00,Hyundai,Creta,Red,0.869
135,UP16EF0179,CAM004,2026-07-19T02:00:00,Toyota,Innova,Black,0.991
136,UP16EF0179,CAM005,2026-09-01T01:00:00,Toyota,Innova,Black,0.898
137,UP16EF0179,CAM001,2026-08-18T22:00:00,Toyota,Innova,Black,0.937
138,HR26AB0174,CAM003,2026-07-21T23:00:00,Tata,Nexon,Blue,0.921
139,MH12IJ0066,CAM001,2026-08-22T23:00:00,Kia,Seltos,Silver,0.957
140,MH12IJ0066,CAM001,2026-08-22T10:00:00,Kia,Seltos,Silver,0.976
141,DL01AB0054,CAM003,2026-08-21T10:00:00,Tata,Punch,Grey,0.971
142,DL01AB0054,CAM001,2026-08-22T01:00:00,Tata,Punch,Grey,0.881
143,DL01AB0570,CAM005,2026-07-08T20:00:00,Honda,City,Grey,0.945
144,DL01AB0270,CAM003,2026-07-30T08:00:00,Honda,City,Black,0.983
145,DL05AB0241,CAM004,2026-08-04T21:00:00,Toyota,Innova,Blue,0.973
146,DL05AB0241,CAM001,2026-07-17T01:00:00,Toyota,Innova,Blue,0.955
147,DL05AB0241,CAM002,2026-08-01T11:00:00,Toyota,Innova,Blue,0.995
148,DL01CD0403,CAM005,2026-07-06T15:00:00,Maruti Suzuki,Baleno,Grey,0.887
149,DL01CD0403,CAM005,2026-08-16T00:00:00,Maruti Suzuki,Baleno,Grey,0.901
150,HR26GH0233,CAM003,2026-08-27T11:00:00,Hyundai,i20,Blue,0.991
151,HR26GH0233,CAM004,2026-08-27T13:00:00,Hyundai,i20,Blue,0.938
152,HR26CD0300,CAM002,2026-08-31T13:00:00,Toyota,Innova,Red,0.9
153,HR26CD0300,CAM002,2026-08-08T01:00:00,Toyota,Innova,Red,0.897
154,HR26CD0300,CAM005,2026-09-04T07:00:00,Toyota,Innova,Red,0.99
155,DL01EF0260,CAM003,2026-08-17T12:00:00,Tata,Nexon,Red,0.957
156,DL01EF0260,CAM002,2026-07-23T11:00:00,Tata,Nexon,Red,0.983
157,UP16AB0434,CAM001,2026-08-16T02:00:00,Hyundai,i20,Grey,0.909
158,UP16CD0343,CAM003,2026-08-06T11:00:00,Tata,Punch,White,0.865
159,UP16CD0343,CAM004,2026-08-06T08:00:00,Tata,Punch,White,0.875
160,DL05AB0325,CAM004,2026-07-25T11:00:00,Mahindra,XUV700,Grey,0.892
161,HR26EF0378,CAM002,2026-08-05T22:00:00,Kia,Seltos,White,0.886
162,DL01GH0089,CAM002,2026-08-04T04:00:00,Kia,Seltos,Blue,0.963
163,HR26EF0218,CAM001,2026-08-25T13:00:00,Kia,Seltos,Red,0.98
164,HR26IJ0226,CAM001,2026-07-08T19:00:00,Maruti Suzuki,Swift,Black,0.961
165,DL05GH0027,CAM003,2026-08-29T14:00:00,Kia,Seltos,Black,0.961
166,DL05GH0027,CAM005,2026-07-28T13:00:00,Kia,Seltos,Black,0.958
167,DL05AB0244,CAM001,2026-07-28T23:00:00,Maruti Suzuki,Swift,White,0.934
168,DL05AB0244,CAM004,2026-07-21T18:00:00,Maruti Suzuki,Swift,White,0.982
169,DL05AB0244,CAM002,2026-08-05T18:00:00,Maruti Suzuki,Swift,White,0.898
170,DL05CD0333,CAM001,2026-08-01T11:00:00,Tata,Punch,Blue,0.955
171,DL05CD0333,CAM003,2026-07-07T20:00:00,Tata,Punch,Blue,0.958
172,UP16CD0223,CAM005,2026-08-12T08:00:00,Tata,Nexon,Silver,0.912
173,UP16CD0223,CAM002,2026-08-15T21:00:00,Tata,Nexon,Silver,0.896
174,MH12IJ0215,CAM004,2026-09-04T00:00:00,Toyota,Innova,Blue,0.868
175,MH12IJ0215,CAM002,2026-07-29T09:00:00,Toyota,Innova,Blue,0.916
176,MH12IJ0215,CAM005,2026-08-05T12:00:00,Toyota,Innova,Blue,0.907
177,DL01CD0598,CAM005,2026-07-23T13:00:00,Kia,Seltos,Black,0.932
178,UP16EF0400,CAM004,2026-08-17T12:00:00,Kia,Seltos,Red,0.975
179,UP16CD0039,CAM002,2026-08-26T12:00:00,Kia,Seltos,White,0.872
180,UP16CD0039,CAM002,2026-08-24T15:00:00,Kia,Seltos,White,0.979
181,UP16CD0039,CAM004,2026-08-02T02:00:00,Kia,Seltos,White,0.877
182,DL05CD0210,CAM001,2026-08-31T10:00:00,Toyota,Innova,Silver,0.869
183,UP16CD0023,CAM005,2026-08-11T09:00:00,Toyota,Innova,Silver,0.915
184,UP16EF0031,CAM001,2026-08-31T04:00:00,Mahindra,XUV700,White,0.988
185,UP16IJ0469,CAM005,2026-08-03T10:00:00,Maruti Suzuki,Baleno,Blue,0.968
186,MH12EF0324,CAM004,2026-07-15T13:00:00,Tata,Punch,Black,0.868
187,DL05GH0448,CAM004,2026-08-21T21:00:00,Kia,Seltos,Grey,0.946
188,DL05GH0448,CAM004,2026-08-30T13:00:00,Kia,Seltos,Grey,0.869
189,DL05GH0448,CAM001,2026-08-04T06:00:00,Kia,Seltos,Grey,0.914
190,HR26CD0081,CAM002,2026-07-05T16:00:00,Mahindra,XUV700,Black,0.879
191,DL05CD0450,CAM005,2026-08-06T14:00:00,Kia,Seltos,Grey,0.989
192,DL05CD0450,CAM002,2026-07-31T07:00:00,Kia,Seltos,Grey,0.954
193,MH12EF0093,CAM001,2026-08-20T22:00:00,Tata,Nexon,Red,0.946
194,HR26CD0485,CAM005,2026-08-31T10:00:00,Maruti Suzuki,Swift,Silver,0.915
195,HR26AB0518,CAM001,2026-08-04T11:00:00,Maruti Suzuki,Baleno,Silver,0.996
196,DL05GH0237,CAM005,2026-08-20T01:00:00,Maruti Suzuki,Baleno,Blue,0.948
197,DL05GH0237,CAM001,2026-07-24T21:00:00,Maruti Suzuki,Baleno,Blue,0.875
198,DL05GH0237,CAM001,2026-09-03T20:00:00,Maruti Suzuki,Baleno,Blue,0.912
199,DL01GH0033,CAM004,2026-08-15T22:00:00,Toyota,Innova,Red,0.874
200,DL01GH0033,CAM002,2026-08-23T09:00:00,Toyota,Innova,Red,0.888
201,DL05EF0132,CAM004,2026-08-19T17:00:00,Maruti Suzuki,Swift,Blue,0.881
202,DL05EF0132,CAM004,2026-07-11T20:00:00,Maruti Suzuki,Swift,Blue,0.856
203,HR26AB0106,CAM002,2026-09-03T12:00:00,Hyundai,Creta,Black,0.961
204,DL05GH0130,CAM001,2026-08-11T02:00:00,Tata,Nexon,Silver,0.872
205,DL05EF0250,CAM001,2026-07-15T02:00:00,Hyundai,i20,Red,0.914
206,HR26IJ0236,CAM003,2026-08-31T00:00:00,Maruti Suzuki,Baleno,Grey,0.91
207,DL01GH0439,CAM005,2026-07-31T09:00:00,Hyundai,Creta,Silver,0.873
208,DL01GH0439,CAM002,2026-07-15T03:00:00,Hyundai,Creta,Silver,0.976
209,DL01AB0359,CAM002,2026-08-03T12:00:00,Honda,City,Grey,0.995
210,MH12IJ0095,CAM005,2026-07-13T04:00:00,Tata,Punch,White,0.959
211,MH12IJ0095,CAM004,2026-08-26T04:00:00,Tata,Punch,White,0.946
212,DL01AB0180,CAM004,2026-08-16T19:00:00,Mahindra,XUV700,Silver,0.854
213,MH12IJ0311,CAM005,2026-08-25T07:00:00,Tata,Nexon,White,0.963
214,MH12IJ0311,CAM003,2026-07-18T18:00:00,Tata,Nexon,White,0.91
215,UP16IJ0500,CAM003,2026-08-14T19:00:00,Kia,Seltos,Grey,0.981
216,MH12GH0051,CAM004,2026-07-12T09:00:00,Maruti Suzuki,Swift,White,0.911
217,UP16GH0449,CAM001,2026-08-29T22:00:00,Maruti Suzuki,Swift,White,0.941
218,UP16GH0449,CAM002,2026-08-16T10:00:00,Maruti Suzuki,Swift,White,0.856
219,DL01AB0053,CAM001,2026-07-20T00:00:00,Tata,Punch,White,0.903
220,DL05CD0442,CAM001,2026-08-15T12:00:00,Maruti Suzuki,Baleno,Silver,0.88
221,HR26EF0151,CAM003,2026-07-25T17:00:00,Maruti Suzuki,Baleno,Red,0.957
222,HR26EF0151,CAM002,2026-08-20T19:00:00,Maruti Suzuki,Baleno,Red,0.924
223,UP16IJ0508,CAM002,2026-08-23T19:00:00,Tata,Nexon,Red,0.989
224,UP16IJ0508,CAM002,2026-08-11T10:00:00,Tata,Nexon,Red,0.887
225,UP16IJ0402,CAM001,2026-08-26T17:00:00,Kia,Seltos,Black,0.928
226,UP16GH0060,CAM001,2026-08-29T20:00:00,Kia,Seltos,Black,0.942
227,HR26CD0200,CAM004,2026-08-20T11:00:00,Hyundai,i20,Red,0.876
228,HR26CD0200,CAM004,2026-08-27T13:00:00,Hyundai,i20,Red,0.854
229,HR26CD0200,CAM003,2026-08-31T19:00:00,Hyundai,i20,Red,0.878
230,MH12GH0275,CAM004,2026-07-30T21:00:00,Hyundai,Creta,Red,0.933
231,DL01GH0076,CAM005,2026-07-09T07:00:00,Hyundai,i20,Black,0.851
232,DL01GH0076,CAM004,2026-09-01T18:00:00,Hyundai,i20,Black,0.965
233,UP16IJ0067,CAM005,2026-08-28T08:00:00,Maruti Suzuki,Baleno,Silver,0.909
234,DL05IJ0309,CAM003,2026-08-16T06:00:00,Tata,Nexon,Silver,0.952
235,DL05IJ0388,CAM004,2026-09-04T12:00:00,Maruti Suzuki,Baleno,Blue,0.868
236,DL01CD0187,CAM005,2026-08-04T16:00:00,Tata,Nexon,Grey,0.983
237,MH12GH0234,CAM003,2026-08-31T16:00:00,Maruti Suzuki,Baleno,Grey,0.927
238,MH12GH0234,CAM005,2026-08-05T11:00:00,Maruti Suzuki,Baleno,Grey,0.943
239,MH12GH0234,CAM005,2026-07-11T08:00:00,Maruti Suzuki,Baleno,Grey,0.934
240,UP16AB0184,CAM002,2026-07-28T21:00:00,Toyota,Innova,Silver,0.887
241,UP16AB0184,CAM005,2026-08-04T22:00:00,Toyota,Innova,Silver,0.881
242,DL01EF0259,CAM003,2026-08-14T10:00:00,Tata,Nexon,Red,0.941
243,DL01AB0285,CAM002,2026-08-30T09:00:00,Toyota,Innova,Black,0.947
244,DL01AB0285,CAM001,2026-08-10T07:00:00,Toyota,Innova,Black,0.942
245,DL01IJ0566,CAM003,2026-08-01T04:00:00,Maruti Suzuki,Swift,Grey,0.976
246,MH12GH0286,CAM003,2026-08-19T18:00:00,Toyota,Innova,Red,0.963
247,MH12GH0286,CAM001,2026-07-23T18:00:00,Toyota,Innova,Red,0.901
248,MH12GH0286,CAM001,2026-08-05T18:00:00,Toyota,Innova,Red,0.918
249,MH12IJ0205,CAM002,2026-07-19T08:00:00,Mahindra,XUV700,Grey,0.929
250,MH12IJ0205,CAM004,2026-08-31T14:00:00,Mahindra,XUV700,Grey,0.861
251,HR26IJ0532,CAM001,2026-08-12T14:00:00,Kia,Seltos,Silver,0.911
252,HR26IJ0532,CAM004,2026-07-13T06:00:00,Kia,Seltos,Silver,0.895
253,HR26AB0256,CAM001,2026-07-24T00:00:00,Tata,Nexon,Grey,0.872
254,HR26AB0550,CAM001,2026-08-29T17:00:00,Hyundai,Creta,Black,0.939
255,MH12AB0040,CAM001,2026-07-31T02:00:00,Tata,Nexon,Red,0.878
256,MH12AB0196,CAM001,2026-08-17T23:00:00,Kia,Seltos,Silver,0.931
257,DL01CD0245,CAM002,2026-07-19T08:00:00,Tata,Punch,Black,0.869
258,DL01CD0245,CAM002,2026-08-06T13:00:00,Tata,Punch,Black,0.958
259,DL01GH0264,CAM004,2026-07-20T01:00:00,Mahindra,XUV700,Blue,0.991
260,DL01GH0264,CAM004,2026-07-16T21:00:00,Mahindra,XUV700,Blue,0.871
261,DL01GH0264,CAM002,2026-07-28T13:00:00,Mahindra,XUV700,Blue,0.924
262,DL01GH0055,CAM001,2026-08-28T13:00:00,Mahindra,XUV700,Silver,0.984
263,DL01GH0055,CAM003,2026-08-23T06:00:00,Mahindra,XUV700,Silver,0.96
264,DL01GH0240,CAM001,2026-08-19T19:00:00,Kia,Seltos,Blue,0.918
265,DL01GH0240,CAM003,2026-07-25T15:00:00,Kia,Seltos,Blue,0.952
266,DL01GH0240,CAM001,2026-07-11T11:00:00,Kia,Seltos,Blue,0.94
267,MH12CD0428,CAM004,2026-07-22T23:00:00,Hyundai,i20,White,0.904
268,MH12CD0428,CAM004,2026-08-11T04:00:00,Hyundai,i20,White,0.978
269,UP16GH0049,CAM004,2026-07-22T23:00:00,Toyota,Innova,Silver,0.885
270,DL01AB0118,CAM005,2026-08-11T19:00:00,Maruti Suzuki,Baleno,Black,0.95
271,DL01AB0118,CAM005,2026-08-01T14:00:00,Maruti Suzuki,Baleno,Black,0.982
272,DL01GH0068,CAM004,2026-07-31T11:00:00,Hyundai,i20,Grey,0.934
273,UP16CD0061,CAM004,2026-07-09T05:00:00,Maruti Suzuki,Swift,Silver,0.919
274,UP16CD0061,CAM004,2026-08-31T01:00:00,Maruti Suzuki,Swift,Silver,0.978
275,UP16CD0061,CAM005,2026-08-18T22:00:00,Maruti Suzuki,Swift,Silver,0.889
276,HR26CD0186,CAM002,2026-08-25T08:00:00,Maruti Suzuki,Baleno,Red,0.887
277,UP16AB0062,CAM004,2026-07-20T16:00:00,Kia,Seltos,Blue,0.919
278,UP16EF0321,CAM002,2026-08-12T13:00:00,Toyota,Innova,Black,0.921
279,MH12GH0387,CAM004,2026-08-28T05:00:00,Tata,Punch,Red,0.996
280,MH12GH0458,CAM001,2026-08-25T15:00:00,Toyota,Innova,Red,0.861
281,MH12GH0458,CAM002,2026-08-02T16:00:00,Toyota,Innova,Red,0.881
282,DL01AB0124,CAM003,2026-08-04T02:00:00,Honda,City,White,0.896
283,HR26CD0489,CAM005,2026-07-11T12:00:00,Tata,Punch,Red,0.98
284,MH12AB0110,CAM001,2026-07-23T04:00:00,Hyundai,Creta,Silver,0.929
285,HR26AB0477,CAM004,2026-08-10T02:00:00,Maruti Suzuki,Swift,Blue,0.903
286,HR26AB0477,CAM005,2026-08-04T17:00:00,Maruti Suzuki,Swift,Blue,0.975
287,UP16GH0579,CAM003,2026-07-08T10:00:00,Tata,Punch,Silver,0.913
288,UP16GH0579,CAM003,2026-08-18T11:00:00,Tata,Punch,Silver,0.942
289,UP16GH0579,CAM003,2026-08-19T19:00:00,Tata,Punch,Silver,0.964
290,MH12IJ0257,CAM005,2026-08-06T14:00:00,Kia,Seltos,Blue,0.922
291,UP16CD0464,CAM001,2026-08-05T10:00:00,Toyota,Innova,Grey,0.911
292,UP16CD0464,CAM002,2026-09-02T02:00:00,Toyota,Innova,Grey,0.982
293,HR26CD0467,CAM003,2026-08-06T13:00:00,Honda,City,Red,0.969
294,HR26CD0467,CAM002,2026-08-15T09:00:00,Honda,City,Red,0.932
295,HR26GH0136,CAM005,2026-08-10T04:00:00,Maruti Suzuki,Baleno,Blue,0.901
296,MH12EF0397,CAM002,2026-07-13T02:00:00,Hyundai,Creta,Black,0.938
297,MH12EF0397,CAM001,2026-07-20T19:00:00,Hyundai,Creta,Black,0.858
298,HR26CD0478,CAM001,2026-08-20T19:00:00,Maruti Suzuki,Baleno,Red,0.9
299,HR26CD0478,CAM001,2026-08-29T05:00:00,Maruti Suzuki,Baleno,Red,0.951
300,UP16GH0017,CAM001,2026-07-30T10:00:00,Hyundai,i20,Silver,0.998
301,DL05IJ0327,CAM001,2026-08-05T02:00:00,Maruti Suzuki,Swift,Red,0.892
302,DL05IJ0327,CAM002,2026-07-29T05:00:00,Maruti Suzuki,Swift,Red,0.938
303,DL01EF0243,CAM002,2026-08-14T07:00:00,Hyundai,Creta,Black,0.993
304,HR26EF0556,CAM002,2026-08-28T21:00:00,Honda,City,Blue,0.87
305,UP16GH0574,CAM004,2026-09-04T08:00:00,Tata,Punch,Grey,0.983
306,UP16GH0574,CAM002,2026-08-16T13:00:00,Tata,Punch,Grey,0.924
307,DL05GH0141,CAM002,2026-07-27T21:00:00,Tata,Nexon,Blue,0.938
308,HR26GH0204,CAM003,2026-08-26T14:00:00,Tata,Punch,Blue,0.985
309,HR26GH0204,CAM005,2026-07-16T09:00:00,Tata,Punch,Blue,0.956
310,DL01AB0189,CAM005,2026-07-24T16:00:00,Tata,Punch,Blue,0.895
311,UP16EF0281,CAM003,2026-08-05T00:00:00,Mahindra,XUV700,Red,0.986
312,DL01GH0599,CAM003,2026-07-13T02:00:00,Toyota,Innova,Black,0.886
313,DL01GH0599,CAM003,2026-08-05T06:00:00,Toyota,Innova,Black,0.955
314,MH12EF0569,CAM005,2026-08-01T07:00:00,Maruti Suzuki,Swift,Black,0.908
315,HR26EF0364,CAM003,2026-09-01T08:00:00,Hyundai,Creta,Red,0.92
316,HR26EF0364,CAM004,2026-08-08T06:00:00,Hyundai,Creta,Red,0.987
317,MH12EF0452,CAM001,2026-08-26T03:00:00,Kia,Seltos,Red,0.94
318,MH12EF0452,CAM002,2026-08-19T18:00:00,Kia,Seltos,Red,0.982
319,DL05CD0047,CAM002,2026-08-04T11:00:00,Kia,Seltos,Grey,0.993
320,DL05CD0047,CAM003,2026-07-14T20:00:00,Kia,Seltos,Grey,0.989
321,DL05CD0047,CAM005,2026-07-24T12:00:00,Kia,Seltos,Grey,0.94
322,UP16AB0361,CAM003,2026-08-06T08:00:00,Hyundai,Creta,Red,0.983
323,DL05EF0146,CAM001,2026-09-01T15:00:00,Tata,Nexon,Red,0.987
324,DL01CD0567,CAM002,2026-08-05T18:00:00,Maruti Suzuki,Baleno,White,0.901
325,HR26CD0329,CAM005,2026-07-28T17:00:00,Mahindra,XUV700,Silver,0.981
326,UP16AB0353,CAM004,2026-08-16T22:00:00,Toyota,Innova,Grey,0.871
327,UP16CD0227,CAM004,2026-07-16T10:00:00,Mahindra,XUV700,White,0.967
328,UP16IJ0360,CAM002,2026-07-25T14:00:00,Kia,Seltos,Silver,0.887
329,HR26IJ0472,CAM004,2026-07-16T04:00:00,Honda,City,Black,0.87
330,HR26GH0058,CAM003,2026-08-08T20:00:00,Kia,Seltos,Red,0.91
331,HR26GH0058,CAM003,2026-08-07T21:00:00,Kia,Seltos,Red,0.879
332,MH12CD0307,CAM004,2026-08-13T00:00:00,Kia,Seltos,Silver,0.914
333,DL01CD0328,CAM003,2026-07-07T14:00:00,Hyundai,i20,Black,0.893
334,MH12EF0558,CAM003,2026-07-21T21:00:00,Maruti Suzuki,Baleno,Blue,0.902
335,MH12EF0558,CAM003,2026-07-29T14:00:00,Maruti Suzuki,Baleno,Blue,0.975
336,MH12EF0558,CAM005,2026-08-31T06:00:00,Maruti Suzuki,Baleno,Blue,0.909
337,DL05CD0160,CAM005,2026-07-21T13:00:00,Toyota,Innova,Silver,0.926
338,DL05CD0160,CAM002,2026-07-26T00:00:00,Toyota,Innova,Silver,0.886
339,DL05CD0155,CAM005,2026-08-26T02:00:00,Mahindra,XUV700,White,0.889
340,DL05GH0166,CAM003,2026-08-29T02:00:00,Mahindra,XUV700,Blue,0.952
341,HR26AB0115,CAM005,2026-08-10T23:00:00,Hyundai,i20,White,0.987
342,DL01CD0513,CAM004,2026-08-24T02:00:00,Honda,City,Black,0.955
343,DL01CD0513,CAM001,2026-08-25T14:00:00,Honda,City,Black,0.967
344,DL01CD0513,CAM004,2026-07-13T08:00:00,Honda,City,Black,0.966
345,DL01AB0117,CAM002,2026-07-11T14:00:00,Hyundai,Creta,White,0.858
346,DL05EF0316,CAM002,2026-07-06T08:00:00,Toyota,Innova,Grey,0.984
347,DL01IJ0565,CAM004,2026-08-29T04:00:00,Hyundai,i20,White,0.963
348,DL01IJ0565,CAM005,2026-07-21T20:00:00,Hyundai,i20,White,0.851
349,DL01IJ0565,CAM001,2026-07-29T11:00:00,Hyundai,i20,White,0.989
350,UP16GH0168,CAM003,2026-08-07T15:00:00,Maruti Suzuki,Baleno,Blue,0.972
351,HR26GH0411,CAM004,2026-09-01T19:00:00,Maruti Suzuki,Baleno,Blue,0.962
352,HR26GH0411,CAM004,2026-09-01T12:00:00,Maruti Suzuki,Baleno,Blue,0.931
353,HR26GH0411,CAM004,2026-08-08T16:00:00,Maruti Suzuki,Baleno,Blue,0.878
354,DL01AB0147,CAM002,2026-08-06T02:00:00,Honda,City,Blue,0.875
355,UP16IJ0561,CAM003,2026-07-15T19:00:00,Maruti Suzuki,Swift,Blue,0.93
356,UP16IJ0561,CAM004,2026-08-20T05:00:00,Maruti Suzuki,Swift,Blue,0.935
357,MH12AB0481,CAM005,2026-07-21T01:00:00,Tata,Nexon,White,0.896
358,MH12AB0481,CAM004,2026-08-07T15:00:00,Tata,Nexon,White,0.854
359,MH12GH0523,CAM003,2026-08-03T16:00:00,Mahindra,XUV700,Black,0.928
360,DL01EF0541,CAM002,2026-08-31T04:00:00,Kia,Seltos,Silver,0.962
361,DL01EF0541,CAM003,2026-07-27T02:00:00,Kia,Seltos,Silver,0.973
362,DL01GH0221,CAM001,2026-08-30T10:00:00,Hyundai,Creta,Black,0.909
363,DL01GH0221,CAM002,2026-08-18T14:00:00,Hyundai,Creta,Black,0.905
364,DL01GH0221,CAM002,2026-08-13T17:00:00,Hyundai,Creta,Black,0.998
365,MH12AB0079,CAM005,2026-08-09T06:00:00,Tata,Nexon,Black,0.99
366,HR26EF0382,CAM002,2026-08-10T11:00:00,Tata,Nexon,Red,0.857
367,DL01IJ0063,CAM002,2026-07-23T05:00:00,Toyota,Innova,Grey,0.999
368,HR26GH0468,CAM003,2026-08-30T04:00:00,Honda,City,White,0.975
369,HR26IJ0369,CAM003,2026-08-12T21:00:00,Maruti Suzuki,Swift,Red,0.99
370,HR26IJ0369,CAM002,2026-07-17T04:00:00,Maruti Suzuki,Swift,Red,0.872
371,HR26IJ0369,CAM003,2026-07-28T20:00:00,Maruti Suzuki,Swift,Red,0.879
372,UP16IJ0490,CAM005,2026-08-30T12:00:00,Maruti Suzuki,Swift,Grey,0.871
373,UP16IJ0490,CAM005,2026-09-04T01:00:00,Maruti Suzuki,Swift,Grey,0.878
374,DL05EF0493,CAM005,2026-07-25T07:00:00,Tata,Nexon,Grey,0.918
375,DL05EF0493,CAM005,2026-07-24T13:00:00,Tata,Nexon,Grey,0.945
376,UP16IJ0535,CAM005,2026-07-18T03:00:00,Maruti Suzuki,Baleno,Blue,0.934
377,MH12EF0248,CAM002,2026-07-13T06:00:00,Hyundai,Creta,White,0.972
378,HR26EF0373,CAM004,2026-08-25T19:00:00,Tata,Nexon,White,0.881
379,HR26EF0373,CAM001,2026-07-29T06:00:00,Tata,Nexon,White,0.945
380,UP16CD0355,CAM003,2026-07-22T20:00:00,Maruti Suzuki,Swift,White,0.922
381,UP16CD0355,CAM001,2026-07-24T00:00:00,Maruti Suzuki,Swift,White,0.897
382,DL05AB0005,CAM003,2026-07-05T21:00:00,Mahindra,XUV700,Silver,0.852
383,DL05AB0005,CAM005,2026-07-23T11:00:00,Mahindra,XUV700,Silver,0.886
384,UP16AB0519,CAM004,2026-09-03T01:00:00,Mahindra,XUV700,Red,0.947
385,UP16CD0162,CAM005,2026-08-08T20:00:00,Toyota,Innova,Grey,0.904
386,UP16CD0162,CAM002,2026-08-11T03:00:00,Toyota,Innova,Grey,0.956
387,HR26GH0345,CAM004,2026-08-15T23:00:00,Honda,City,Silver,0.961
388,HR26GH0345,CAM005,2026-08-12T18:00:00,Honda,City,Silver,0.901
389,HR26GH0345,CAM002,2026-08-27T22:00:00,Honda,City,Silver,0.992
390,DL05IJ0044,CAM002,2026-07-11T17:00:00,Tata,Nexon,Blue,0.989
391,HR26AB0267,CAM001,2026-07-19T05:00:00,Honda,City,Grey,0.946
392,HR26AB0267,CAM002,2026-08-05T11:00:00,Honda,City,Grey,0.909
393,DL01EF0297,CAM001,2026-08-14T11:00:00,Hyundai,i20,Red,0.928
394,DL01GH0176,CAM005,2026-08-27T16:00:00,Hyundai,Creta,White,0.978
395,DL05AB0420,CAM001,2026-09-02T05:00:00,Mahindra,XUV700,Grey,0.983
396,UP16CD0592,CAM005,2026-07-08T17:00:00,Kia,Seltos,White,0.968
397,UP16EF0384,CAM005,2026-07-16T19:00:00,Toyota,Innova,Red,0.898
398,UP16EF0384,CAM005,2026-07-31T19:00:00,Toyota,Innova,Red,0.918
399,HR26GH0100,CAM002,2026-08-15T19:00:00,Maruti Suzuki,Baleno,Grey,0.898
400,HR26GH0100,CAM004,2026-07-18T19:00:00,Maruti Suzuki,Baleno,Grey,0.88
401,HR26GH0100,CAM001,2026-07-20T23:00:00,Maruti Suzuki,Baleno,Grey,0.941
402,UP16EF0232,CAM005,2026-08-15T21:00:00,Honda,City,Blue,0.883
403,DL01IJ0548,CAM004,2026-07-31T13:00:00,Tata,Nexon,White,0.996
404,HR26CD0483,CAM003,2026-09-03T17:00:00,Maruti Suzuki,Baleno,Blue,0.927
405,HR26CD0483,CAM001,2026-09-03T18:00:00,Maruti Suzuki,Baleno,Blue,0.974
406,DL01GH0419,CAM004,2026-07-10T01:00:00,Kia,Seltos,Grey,0.855
407,DL01GH0419,CAM003,2026-08-24T18:00:00,Kia,Seltos,Grey,0.969
408,MH12AB0424,CAM005,2026-08-29T17:00:00,Tata,Punch,Grey,0.974
409,MH12EF0344,CAM001,2026-07-18T09:00:00,Tata,Punch,Black,0.886
410,UP16EF0546,CAM001,2026-08-20T01:00:00,Hyundai,i20,Red,0.918
411,UP16EF0546,CAM002,2026-07-29T04:00:00,Hyundai,i20,Red,0.853
412,UP16EF0546,CAM003,2026-07-10T14:00:00,Hyundai,i20,Red,0.983
413,HR26AB0158,CAM002,2026-08-29T01:00:00,Mahindra,XUV700,Black,0.893
414,MH12AB0009,CAM002,2026-07-20T21:00:00,Tata,Punch,Red,0.915
415,UP16EF0301,CAM004,2026-07-15T18:00:00,Kia,Seltos,Silver,0.931
416,MH12IJ0052,CAM001,2026-08-17T12:00:00,Toyota,Innova,Blue,0.949
417,MH12CD0077,CAM005,2026-08-16T09:00:00,Toyota,Innova,Grey,0.964
418,MH12CD0077,CAM005,2026-07-12T20:00:00,Toyota,Innova,Grey,0.889
419,HR26CD0337,CAM002,2026-07-08T03:00:00,Honda,City,Grey,0.953
420,HR26CD0337,CAM002,2026-08-06T03:00:00,Honda,City,Grey,0.872
421,HR26CD0337,CAM003,2026-09-04T12:00:00,Honda,City,Grey,0.87
422,HR26AB0409,CAM004,2026-08-18T15:00:00,Hyundai,Creta,Grey,0.884
423,HR26AB0409,CAM004,2026-09-01T17:00:00,Hyundai,Creta,Grey,0.899
424,HR26AB0409,CAM001,2026-08-15T21:00:00,Hyundai,Creta,Grey,0.894
425,HR26IJ0175,CAM003,2026-07-09T01:00:00,Toyota,Innova,Blue,0.861
426,DL01EF0349,CAM001,2026-07-15T03:00:00,Hyundai,i20,Black,0.95
427,DL01EF0349,CAM002,2026-07-21T08:00:00,Hyundai,i20,Black,0.853
428,UP16EF0383,CAM003,2026-08-15T01:00:00,Tata,Nexon,Black,0.886
429,UP16EF0383,CAM005,2026-07-11T02:00:00,Tata,Nexon,Black,0.926
430,UP16IJ0418,CAM003,2026-08-28T03:00:00,Kia,Seltos,White,0.989
431,UP16IJ0418,CAM003,2026-08-02T13:00:00,Kia,Seltos,White,0.925
432,UP16IJ0418,CAM005,2026-07-30T02:00:00,Kia,Seltos,White,0.926
433,HR26EF0315,CAM005,2026-08-21T00:00:00,Kia,Seltos,Red,0.857
434,HR26EF0315,CAM003,2026-08-24T17:00:00,Kia,Seltos,Red,0.909
435,HR26EF0315,CAM001,2026-08-14T03:00:00,Kia,Seltos,Red,0.87
436,UP16IJ0350,CAM005,2026-08-04T12:00:00,Toyota,Innova,White,0.858
437,UP16IJ0350,CAM003,2026-07-21T21:00:00,Toyota,Innova,White,0.972
438,MH12GH0596,CAM005,2026-08-28T22:00:00,Kia,Seltos,White,0.989
439,MH12GH0596,CAM002,2026-09-01T18:00:00,Kia,Seltos,White,0.928
440,MH12GH0596,CAM005,2026-08-16T12:00:00,Kia,Seltos,White,0.853
441,DL05CD0436,CAM004,2026-07-11T10:00:00,Tata,Punch,Silver,0.89
442,DL05CD0436,CAM005,2026-07-20T05:00:00,Tata,Punch,Silver,0.994
443,HR26GH0073,CAM001,2026-07-08T13:00:00,Hyundai,Creta,Black,0.932
444,HR26GH0073,CAM002,2026-08-09T09:00:00,Hyundai,Creta,Black,0.907
445,UP16AB0521,CAM005,2026-08-07T10:00:00,Hyundai,i20,Red,0.892
446,UP16AB0521,CAM004,2026-07-24T07:00:00,Hyundai,i20,Red,0.916
447,HR26GH0099,CAM004,2026-08-06T05:00:00,Tata,Punch,Silver,0.928
448,UP16AB0413,CAM002,2026-08-20T10:00:00,Toyota,Innova,Blue,0.895
449,MH12IJ0336,CAM003,2026-09-03T23:00:00,Hyundai,i20,White,0.939
450,MH12IJ0336,CAM001,2026-08-07T00:00:00,Hyundai,i20,White,0.865
451,MH12CD0056,CAM001,2026-08-07T10:00:00,Maruti Suzuki,Swift,Blue,0.939
452,MH12CD0056,CAM003,2026-07-19T04:00:00,Maruti Suzuki,Swift,Blue,0.863
453,HR26AB0454,CAM002,2026-09-04T01:00:00,Tata,Nexon,Grey,0.884
454,HR26AB0454,CAM001,2026-07-23T13:00:00,Tata,Nexon,Grey,0.861
455,MH12CD0476,CAM001,2026-07-25T06:00:00,Maruti Suzuki,Swift,White,0.928
456,MH12CD0476,CAM004,2026-07-07T16:00:00,Maruti Suzuki,Swift,White,0.982
457,UP16AB0363,CAM004,2026-08-06T12:00:00,Honda,City,Black,0.954
458,UP16IJ0376,CAM005,2026-07-18T10:00:00,Kia,Seltos,White,0.878
459,DL01IJ0182,CAM005,2026-08-03T22:00:00,Maruti Suzuki,Swift,Silver,0.994
460,DL05CD0540,CAM004,2026-08-08T20:00:00,Honda,City,Silver,0.987
461,DL01GH0075,CAM004,2026-07-29T06:00:00,Hyundai,Creta,White,0.934
462,DL01GH0075,CAM004,2026-08-11T02:00:00,Hyundai,Creta,White,0.909
463,DL01GH0075,CAM002,2026-07-28T20:00:00,Hyundai,Creta,White,0.965
464,UP16IJ0416,CAM004,2026-08-10T21:00:00,Toyota,Innova,Black,0.951
465,DL01CD0102,CAM002,2026-07-25T08:00:00,Toyota,Innova,Silver,0.93
466,DL01CD0102,CAM004,2026-08-30T01:00:00,Toyota,Innova,Silver,0.979
467,DL01CD0102,CAM005,2026-08-19T09:00:00,Toyota,Innova,Silver,0.888
468,UP16GH0453,CAM003,2026-09-04T05:00:00,Mahindra,XUV700,Black,0.851
469,UP16GH0453,CAM003,2026-07-27T15:00:00,Mahindra,XUV700,Black,0.889
470,DL05GH0457,CAM005,2026-07-17T15:00:00,Toyota,Innova,Red,0.85
471,DL05GH0457,CAM001,2026-07-31T08:00:00,Toyota,Innova,Red,0.869
472,DL05GH0457,CAM004,2026-08-13T01:00:00,Toyota,Innova,Red,0.923
473,MH12EF0277,CAM001,2026-07-15T22:00:00,Maruti Suzuki,Baleno,Blue,0.867
474,MH12EF0277,CAM001,2026-08-17T03:00:00,Maruti Suzuki,Baleno,Blue,0.931
475,UP16IJ0430,CAM003,2026-07-11T19:00:00,Maruti Suzuki,Swift,Blue,0.923
476,UP16IJ0430,CAM004,2026-08-13T17:00:00,Maruti Suzuki,Swift,Blue,0.905
477,DL05IJ0341,CAM001,2026-08-12T18:00:00,Hyundai,Creta,Grey,0.921
478,HR26IJ0322,CAM003,2026-08-19T16:00:00,Toyota,Innova,Silver,0.94
479,MH12AB0323,CAM003,2026-07-06T14:00:00,Hyundai,i20,White,0.861
480,DL05CD0032,CAM004,2026-08-20T01:00:00,Mahindra,XUV700,White,0.967
481,DL05CD0032,CAM001,2026-08-31T10:00:00,Mahindra,XUV700,White,0.948
482,DL01CD0352,CAM005,2026-08-25T21:00:00,Tata,Punch,Grey,0.861
483,DL01CD0352,CAM005,2026-07-13T23:00:00,Tata,Punch,Grey,0.945
484,UP16GH0368,CAM002,2026-08-09T05:00:00,Tata,Punch,Blue,0.958
485,UP16GH0368,CAM005,2026-09-04T09:00:00,Tata,Punch,Blue,0.883
486,UP16GH0368,CAM003,2026-07-18T09:00:00,Tata,Punch,Blue,0.875
487,DL05AB0074,CAM003,2026-08-27T01:00:00,Maruti Suzuki,Swift,White,0.882
488,DL05EF0239,CAM003,2026-07-23T09:00:00,Mahindra,XUV700,Red,0.997
489,DL01GH0235,CAM002,2026-08-03T15:00:00,Honda,City,Silver,0.91
490,DL01GH0235,CAM004,2026-08-31T09:00:00,Honda,City,Silver,0.958
491,UP16AB0113,CAM005,2026-08-13T23:00:00,Honda,City,Black,0.856
492,UP16AB0113,CAM003,2026-08-14T06:00:00,Honda,City,Black,0.985
493,DL01CD0019,CAM002,2026-09-02T14:00:00,Maruti Suzuki,Swift,White,0.968
494,DL01CD0019,CAM002,2026-08-15T08:00:00,Maruti Suzuki,Swift,White,0.946
495,UP16AB0171,CAM005,2026-07-27T13:00:00,Hyundai,i20,Blue,0.963
496,MH12AB0408,CAM003,2026-09-03T04:00:00,Honda,City,Red,0.99
497,DL01CD0084,CAM001,2026-08-24T02:00:00,Mahindra,XUV700,Red,0.964
498,UP16IJ0041,CAM005,2026-08-02T11:00:00,Mahindra,XUV700,White,0.878
499,DL01CD0163,CAM001,2026-08-02T13:00:00,Mahindra,XUV700,Silver,0.968
500,DL01EF0070,CAM003,2026-07-06T21:00:00,Kia,Seltos,Black,0.869
501,DL01EF0070,CAM004,2026-07-21T15:00:00,Kia,Seltos,Black,0.868
502,DL05CD0276,CAM001,2026-08-13T06:00:00,Mahindra,XUV700,White,0.854
503,DL05CD0276,CAM004,2026-08-02T11:00:00,Mahindra,XUV700,White,0.959
504,DL05CD0276,CAM004,2026-07-31T14:00:00,Mahindra,XUV700,White,0.881
505,DL05CD0509,CAM002,2026-09-03T09:00:00,Toyota,Innova,White,0.929
506,DL05CD0509,CAM004,2026-07-27T21:00:00,Toyota,Innova,White,0.903
507,DL05GH0059,CAM003,2026-07-19T06:00:00,Honda,City,Silver,0.925
508,DL05GH0059,CAM005,2026-08-06T16:00:00,Honda,City,Silver,0.877
509,DL01CD0094,CAM003,2026-07-29T04:00:00,Honda,City,White,0.957
510,DL01CD0094,CAM004,2026-08-15T23:00:00,Honda,City,White,0.888
511,DL05IJ0252,CAM004,2026-08-19T17:00:00,Honda,City,Silver,0.975
512,DL01GH0119,CAM001,2026-08-16T14:00:00,Tata,Nexon,Grey,0.866
513,UP16AB0254,CAM001,2026-08-20T12:00:00,Tata,Nexon,Black,0.923
514,MH12GH0407,CAM005,2026-08-04T23:00:00,Tata,Nexon,White,0.967
515,MH12GH0407,CAM001,2026-08-12T12:00:00,Tata,Nexon,White,0.991
516,MH12GH0407,CAM001,2026-08-03T04:00:00,Tata,Nexon,White,0.935
517,DL01CD0195,CAM003,2026-07-20T08:00:00,Toyota,Innova,Red,0.88
518,DL05EF0148,CAM004,2026-08-15T02:00:00,Maruti Suzuki,Swift,Blue,0.897
519,HR26GH0199,CAM005,2026-07-30T15:00:00,Hyundai,Creta,Red,0.963
520,DL05GH0549,CAM004,2026-08-12T06:00:00,Kia,Seltos,White,0.99
521,DL05GH0549,CAM002,2026-07-10T02:00:00,Kia,Seltos,White,0.914
522,UP16GH0451,CAM004,2026-08-28T17:00:00,Kia,Seltos,Red,0.911
523,UP16GH0451,CAM005,2026-07-19T04:00:00,Kia,Seltos,Red,0.938
524,UP16GH0451,CAM003,2026-07-05T13:00:00,Kia,Seltos,Red,0.864
525,DL05AB0342,CAM003,2026-08-17T04:00:00,Hyundai,Creta,White,0.893
526,DL05AB0342,CAM002,2026-08-18T21:00:00,Hyundai,Creta,White,0.983
527,DL01IJ0142,CAM005,2026-08-19T08:00:00,Kia,Seltos,Red,0.954
528,DL01IJ0142,CAM001,2026-07-09T05:00:00,Kia,Seltos,Red,0.901
529,HR26EF0291,CAM002,2026-07-26T12:00:00,Hyundai,i20,Blue,0.982
530,HR26EF0030,CAM004,2026-07-27T06:00:00,Maruti Suzuki,Swift,Red,0.993
531,HR26EF0030,CAM005,2026-07-25T13:00:00,Maruti Suzuki,Swift,Red,0.868
532,UP16IJ0231,CAM004,2026-08-06T19:00:00,Tata,Punch,Black,0.932
533,MH12AB0178,CAM005,2026-08-25T14:00:00,Toyota,Innova,Grey,0.996
534,MH12AB0178,CAM002,2026-07-12T04:00:00,Toyota,Innova,Grey,0.893
535,MH12AB0178,CAM003,2026-07-16T03:00:00,Toyota,Innova,Grey,0.961
536,MH12EF0006,CAM005,2026-07-09T21:00:00,Mahindra,XUV700,White,0.864
537,MH12EF0006,CAM002,2026-08-13T15:00:00,Mahindra,XUV700,White,0.921
538,MH12EF0006,CAM003,2026-08-31T23:00:00,Mahindra,XUV700,White,0.953
539,UP16AB0212,CAM003,2026-08-12T00:00:00,Mahindra,XUV700,Red,0.995
540,UP16AB0212,CAM005,2026-08-09T07:00:00,Mahindra,XUV700,Red,0.965
541,UP16AB0212,CAM001,2026-09-03T09:00:00,Mahindra,XUV700,Red,0.982
542,HR26IJ0587,CAM004,2026-07-14T21:00:00,Toyota,Innova,Blue,0.98
543,HR26IJ0587,CAM002,2026-07-12T06:00:00,Toyota,Innova,Blue,0.915
544,DL01GH0575,CAM005,2026-08-10T00:00:00,Honda,City,Grey,0.922
545,DL01GH0575,CAM005,2026-08-11T05:00:00,Honda,City,Grey,0.939
546,DL01GH0575,CAM003,2026-08-27T04:00:00,Honda,City,Grey,0.909
547,UP16EF0346,CAM004,2026-07-28T05:00:00,Maruti Suzuki,Swift,Black,0.906
548,UP16EF0346,CAM002,2026-07-23T01:00:00,Maruti Suzuki,Swift,Black,0.926
549,MH12AB0092,CAM003,2026-07-18T05:00:00,Tata,Punch,Grey,0.882
550,MH12AB0092,CAM005,2026-09-02T16:00:00,Tata,Punch,Grey,0.88
551,MH12AB0092,CAM001,2026-09-02T22:00:00,Tata,Punch,Grey,0.876
552,HR26EF0530,CAM003,2026-08-14T05:00:00,Hyundai,i20,Grey,0.93
553,HR26EF0530,CAM001,2026-07-19T07:00:00,Hyundai,i20,Grey,0.855
554,HR26CD0475,CAM005,2026-07-25T00:00:00,Mahindra,XUV700,Silver,0.978
555,HR26CD0475,CAM002,2026-08-23T16:00:00,Mahindra,XUV700,Silver,0.868
556,HR26CD0475,CAM001,2026-08-31T15:00:00,Mahindra,XUV700,Silver,0.908
557,HR26CD0312,CAM001,2026-08-20T05:00:00,Maruti Suzuki,Swift,Red,0.931
558,HR26CD0312,CAM001,2026-08-12T00:00:00,Maruti Suzuki,Swift,Red,0.998
559,MH12EF0585,CAM003,2026-08-03T11:00:00,Toyota,Innova,White,0.87
560,DL05GH0445,CAM002,2026-07-19T11:00:00,Hyundai,Creta,Black,0.976
561,DL05GH0445,CAM003,2026-08-23T20:00:00,Hyundai,Creta,Black,0.874
562,DL01EF0511,CAM002,2026-08-16T11:00:00,Hyundai,i20,Blue,0.899
563,MH12AB0224,CAM002,2026-08-24T13:00:00,Maruti Suzuki,Swift,Blue,0.919
564,HR26IJ0194,CAM001,2026-08-16T05:00:00,Maruti Suzuki,Baleno,Black,0.924
565,HR26IJ0194,CAM004,2026-09-01T08:00:00,Maruti Suzuki,Baleno,Black,0.934
566,UP16IJ0425,CAM005,2026-07-30T15:00:00,Tata,Nexon,White,0.919
567,UP16IJ0425,CAM001,2026-08-23T05:00:00,Tata,Nexon,White,0.899
568,UP16EF0197,CAM005,2026-08-07T21:00:00,Maruti Suzuki,Baleno,White,0.901
569,DL01IJ0164,CAM003,2026-08-10T19:00:00,Kia,Seltos,Red,0.992
570,DL01IJ0164,CAM004,2026-08-04T10:00:00,Kia,Seltos,Red,0.887
571,DL01AB0169,CAM004,2026-07-25T06:00:00,Hyundai,Creta,Black,0.94
572,DL01AB0169,CAM005,2026-07-24T06:00:00,Hyundai,Creta,Black,0.983
573,DL05CD0282,CAM002,2026-08-05T02:00:00,Maruti Suzuki,Baleno,Blue,0.869
574,UP16CD0219,CAM004,2026-08-17T23:00:00,Tata,Nexon,Red,0.997
575,UP16CD0219,CAM001,2026-08-03T04:00:00,Tata,Nexon,Red,0.992
576,UP16EF0173,CAM004,2026-08-13T04:00:00,Tata,Nexon,Blue,0.969
577,UP16EF0173,CAM002,2026-09-04T01:00:00,Tata,Nexon,Blue,0.975
578,UP16GH0165,CAM001,2026-09-01T08:00:00,Tata,Nexon,Silver,0.966
579,UP16GH0165,CAM002,2026-07-11T18:00:00,Tata,Nexon,Silver,0.916
580,MH12GH0069,CAM004,2026-08-10T08:00:00,Kia,Seltos,Grey,0.874
581,MH12EF0216,CAM002,2026-07-24T14:00:00,Tata,Nexon,Red,0.948
582,MH12EF0216,CAM004,2026-08-11T08:00:00,Tata,Nexon,Red,0.859
583,DL01IJ0220,CAM001,2026-07-07T11:00:00,Honda,City,White,0.924
584,DL01IJ0220,CAM001,2026-07-14T23:00:00,Honda,City,White,0.885
585,HR26AB0154,CAM005,2026-07-07T12:00:00,Maruti Suzuki,Swift,Red,0.96
586,HR26AB0154,CAM003,2026-07-29T17:00:00,Maruti Suzuki,Swift,Red,0.893
587,HR26IJ0560,CAM002,2026-08-15T01:00:00,Maruti Suzuki,Swift,Red,0.925
588,DL01EF0050,CAM004,2026-08-19T14:00:00,Maruti Suzuki,Baleno,Blue,0.901
589,DL01EF0050,CAM002,2026-07-16T20:00:00,Maruti Suzuki,Baleno,Blue,0.912
590,UP16GH0334,CAM004,2026-08-25T13:00:00,Tata,Nexon,Blue,0.88
591,UP16EF0045,CAM002,2026-07-22T02:00:00,Maruti Suzuki,Swift,Black,0.933
592,UP16IJ0375,CAM003,2026-07-09T01:00:00,Tata,Punch,Black,0.891
593,UP16IJ0375,CAM002,2026-07-29T12:00:00,Tata,Punch,Black,0.926
594,UP16IJ0375,CAM002,2026-08-16T09:00:00,Tata,Punch,Black,0.899
595,DL05AB0501,CAM004,2026-07-15T07:00:00,Tata,Punch,Black,0.99
596,DL05AB0108,CAM002,2026-08-09T17:00:00,Mahindra,XUV700,Blue,0.919
597,MH12CD0097,CAM001,2026-07-06T23:00:00,Hyundai,i20,Red,0.858
598,MH12CD0097,CAM004,2026-07-20T15:00:00,Hyundai,i20,Red,0.916
599,HR26AB0207,CAM003,2026-07-12T11:00:00,Tata,Punch,Silver,0.957
600,HR26AB0207,CAM001,2026-07-17T05:00:00,Tata,Punch,Silver,0.945
601,MH12GH0284,CAM002,2026-07-19T13:00:00,Hyundai,i20,Silver,0.907
602,DL01EF0437,CAM004,2026-08-29T22:00:00,Tata,Nexon,White,0.963
603,DL01EF0437,CAM003,2026-07-05T14:00:00,Tata,Nexon,White,0.856
604,DL05AB0338,CAM005,2026-07-19T08:00:00,Mahindra,XUV700,Silver,0.904
605,DL05AB0338,CAM004,2026-07-13T06:00:00,Mahindra,XUV700,Silver,0.953
606,DL01EF0159,CAM001,2026-08-06T06:00:00,Honda,City,Blue,1.0
607,MH12EF0229,CAM002,2026-08-05T04:00:00,Toyota,Innova,Blue,0.871
608,MH12EF0229,CAM004,2026-08-27T00:00:00,Toyota,Innova,Blue,0.888
609,DL01GH0143,CAM001,2026-08-26T19:00:00,Maruti Suzuki,Baleno,Silver,0.92
610,HR26EF0101,CAM005,2026-08-11T02:00:00,Hyundai,Creta,Silver,0.986
611,HR26EF0101,CAM005,2026-07-13T15:00:00,Hyundai,Creta,Silver,0.927
612,UP16AB0268,CAM003,2026-07-13T11:00:00,Toyota,Innova,Red,0.862
613,DL01GH0065,CAM002,2026-07-21T16:00:00,Hyundai,Creta,Silver,0.989
614,DL05GH0497,CAM001,2026-08-22T15:00:00,Maruti Suzuki,Baleno,Grey,0.909
615,DL05IJ0526,CAM005,2026-08-09T09:00:00,Maruti Suzuki,Swift,Red,0.895
616,DL05IJ0526,CAM002,2026-08-11T11:00:00,Maruti Suzuki,Swift,Red,0.872
617,DL01GH0261,CAM002,2026-08-17T12:00:00,Maruti Suzuki,Swift,White,0.873
618,DL01GH0261,CAM004,2026-08-09T07:00:00,Maruti Suzuki,Swift,White,0.98
619,DL05AB0126,CAM004,2026-07-24T16:00:00,Maruti Suzuki,Swift,Silver,0.922
620,DL05AB0126,CAM001,2026-08-11T08:00:00,Maruti Suzuki,Swift,Silver,0.98
621,DL05AB0126,CAM001,2026-07-07T09:00:00,Maruti Suzuki,Swift,Silver,0.954
622,HR26CD0366,CAM003,2026-08-18T07:00:00,Tata,Nexon,Grey,0.98
623,HR26CD0366,CAM004,2026-08-28T03:00:00,Tata,Nexon,Grey,0.972
624,HR26CD0366,CAM004,2026-08-23T08:00:00,Tata,Nexon,Grey,0.866
625,MH12CD0410,CAM005,2026-08-16T01:00:00,Toyota,Innova,White,0.878
626,MH12CD0410,CAM002,2026-08-19T01:00:00,Toyota,Innova,White,0.876
627,DL01EF0303,CAM004,2026-08-23T19:00:00,Maruti Suzuki,Baleno,Red,1.0
628,DL01EF0303,CAM002,2026-07-06T14:00:00,Maruti Suzuki,Baleno,Red,0.935
629,DL01EF0303,CAM005,2026-08-01T13:00:00,Maruti Suzuki,Baleno,Red,0.989
630,UP16AB0506,CAM002,2026-07-07T00:00:00,Hyundai,Creta,Blue,0.983
631,HR26EF0310,CAM003,2026-07-23T19:00:00,Tata,Nexon,Black,0.927
632,HR26EF0310,CAM004,2026-07-30T04:00:00,Tata,Nexon,Black,0.945
633,UP16CD0296,CAM001,2026-07-31T20:00:00,Tata,Punch,Grey,0.991
634,UP16CD0296,CAM004,2026-08-26T22:00:00,Tata,Punch,Grey,0.867
635,DL01GH0138,CAM003,2026-09-03T14:00:00,Tata,Punch,White,0.898
636,DL05IJ0427,CAM003,2026-07-21T03:00:00,Maruti Suzuki,Swift,Silver,0.982
637,DL05IJ0427,CAM001,2026-08-31T00:00:00,Maruti Suzuki,Swift,Silver,0.996
638,HR26IJ0149,CAM003,2026-07-05T18:00:00,Hyundai,Creta,Blue,0.875
639,HR26GH0161,CAM005,2026-07-12T10:00:00,Toyota,Innova,Grey,0.89
640,UP16IJ0188,CAM003,2026-08-14T03:00:00,Honda,City,Black,0.977
641,MH12GH0274,CAM001,2026-07-28T19:00:00,Toyota,Innova,Red,0.914
642,DL05GH0206,CAM005,2026-08-02T19:00:00,Maruti Suzuki,Swift,Silver,0.952
643,MH12EF0432,CAM001,2026-08-04T17:00:00,Hyundai,i20,Red,0.9
644,MH12EF0432,CAM002,2026-08-03T00:00:00,Hyundai,i20,Red,0.944
645,UP16IJ0512,CAM004,2026-08-01T18:00:00,Mahindra,XUV700,Silver,0.969
646,UP16IJ0512,CAM001,2026-07-25T04:00:00,Mahindra,XUV700,Silver,0.945
647,UP16IJ0512,CAM001,2026-08-29T03:00:00,Mahindra,XUV700,Silver,0.98
648,MH12CD0372,CAM002,2026-08-29T19:00:00,Maruti Suzuki,Swift,White,0.889
649,MH12CD0372,CAM003,2026-07-29T15:00:00,Maruti Suzuki,Swift,White,0.974
650,DL05CD0421,CAM004,2026-09-02T15:00:00,Maruti Suzuki,Swift,Black,0.91
651,DL05CD0421,CAM004,2026-08-09T05:00:00,Maruti Suzuki,Swift,Black,0.949
652,DL05CD0421,CAM002,2026-07-18T09:00:00,Maruti Suzuki,Swift,Black,0.92
653,DL01AB0262,CAM002,2026-07-09T07:00:00,Kia,Seltos,White,0.852
654,UP16AB0090,CAM002,2026-07-17T09:00:00,Tata,Punch,Grey,0.921
655,UP16AB0090,CAM003,2026-08-21T15:00:00,Tata,Punch,Grey,0.923
656,UP16AB0090,CAM003,2026-08-12T01:00:00,Tata,Punch,Grey,0.89
657,UP16EF0008,CAM005,2026-07-20T12:00:00,Toyota,Innova,Silver,0.871
658,UP16EF0008,CAM004,2026-08-12T04:00:00,Toyota,Innova,Silver,0.981
659,UP16CD0209,CAM001,2026-07-25T22:00:00,Maruti Suzuki,Baleno,Grey,0.912
660,UP16GH0193,CAM002,2026-08-11T00:00:00,Toyota,Innova,Black,0.933
661,UP16GH0193,CAM003,2026-08-14T02:00:00,Toyota,Innova,Black,0.855
662,DL01EF0557,CAM005,2026-07-08T16:00:00,Toyota,Innova,Silver,0.999
663,DL01EF0557,CAM001,2026-07-12T07:00:00,Toyota,Innova,Silver,0.879
664,DL01AB0515,CAM004,2026-09-03T10:00:00,Tata,Punch,White,0.99
665,DL01AB0515,CAM005,2026-08-09T16:00:00,Tata,Punch,White,0.905
666,DL05AB0381,CAM004,2026-08-30T07:00:00,Toyota,Innova,Black,0.973
667,DL01EF0288,CAM005,2026-08-31T00:00:00,Hyundai,Creta,White,0.99
668,MH12GH0114,CAM005,2026-07-31T04:00:00,Maruti Suzuki,Swift,White,0.993
669,HR26EF0071,CAM003,2026-08-09T18:00:00,Maruti Suzuki,Swift,Grey,0.947
670,HR26EF0071,CAM002,2026-08-06T22:00:00,Maruti Suzuki,Swift,Grey,0.881
671,HR26EF0071,CAM004,2026-07-11T00:00:00,Maruti Suzuki,Swift,Grey,0.885
672,DL01IJ0516,CAM005,2026-07-27T22:00:00,Kia,Seltos,Blue,0.892
673,HR26AB0293,CAM004,2026-08-23T08:00:00,Tata,Nexon,Red,0.989
674,UP16CD0542,CAM005,2026-08-20T03:00:00,Kia,Seltos,Black,0.959
675,DL05GH0465,CAM005,2026-07-26T21:00:00,Maruti Suzuki,Swift,Silver,0.997
676,DL05GH0465,CAM003,2026-08-07T01:00:00,Maruti Suzuki,Swift,Silver,0.994
677,HR26EF0479,CAM001,2026-08-09T22:00:00,Maruti Suzuki,Swift,Black,0.921
678,MH12AB0007,CAM003,2026-07-13T17:00:00,Hyundai,i20,Grey,0.899
679,MH12AB0007,CAM003,2026-07-11T11:00:00,Hyundai,i20,Grey,0.855
680,MH12AB0007,CAM003,2026-07-30T17:00:00,Hyundai,i20,Grey,0.964
681,DL05EF0294,CAM005,2026-07-26T01:00:00,Kia,Seltos,Blue,0.999
682,MH12EF0600,CAM003,2026-08-26T00:00:00,Tata,Punch,Blue,0.96
683,MH12EF0600,CAM003,2026-08-18T16:00:00,Tata,Punch,Blue,0.963
684,MH12EF0525,CAM001,2026-07-30T03:00:00,Hyundai,i20,Blue,0.986
685,MH12EF0525,CAM001,2026-07-09T17:00:00,Hyundai,i20,Blue,0.947
686,MH12EF0525,CAM001,2026-07-08T03:00:00,Hyundai,i20,Blue,0.915
687,DL05AB0563,CAM005,2026-08-02T10:00:00,Honda,City,Silver,0.906
688,DL05AB0563,CAM004,2026-07-18T02:00:00,Honda,City,Silver,0.944
689,HR26EF0034,CAM004,2026-08-08T13:00:00,Hyundai,Creta,Blue,0.944
690,HR26EF0034,CAM003,2026-08-10T20:00:00,Hyundai,Creta,Blue,0.895
691,HR26EF0034,CAM002,2026-07-19T20:00:00,Hyundai,Creta,Blue,0.999
692,DL05EF0048,CAM001,2026-08-26T00:00:00,Kia,Seltos,Red,0.937
693,DL05EF0048,CAM005,2026-08-12T08:00:00,Kia,Seltos,Red,0.894
694,DL01EF0156,CAM002,2026-07-08T10:00:00,Honda,City,Black,0.857
695,MH12IJ0225,CAM003,2026-08-31T14:00:00,Hyundai,Creta,Blue,0.978
696,MH12IJ0225,CAM002,2026-09-01T07:00:00,Hyundai,Creta,Blue,0.966
697,MH12IJ0225,CAM005,2026-09-04T08:00:00,Hyundai,Creta,Blue,0.864
698,HR26CD0283,CAM005,2026-07-15T07:00:00,Kia,Seltos,Silver,0.877
699,DL05IJ0150,CAM002,2026-07-23T09:00:00,Toyota,Innova,Black,0.881
700,DL05CD0292,CAM004,2026-07-30T12:00:00,Tata,Punch,Blue,0.884
701,DL05CD0292,CAM005,2026-08-03T14:00:00,Tata,Punch,Blue,0.892
702,DL01IJ0289,CAM001,2026-07-07T11:00:00,Hyundai,i20,Red,0.91
703,DL01IJ0289,CAM005,2026-08-27T23:00:00,Hyundai,i20,Red,0.882
704,DL01IJ0289,CAM004,2026-07-17T06:00:00,Hyundai,i20,Red,0.903
705,HR26GH0522,CAM001,2026-07-16T16:00:00,Maruti Suzuki,Swift,Black,0.966
706,HR26IJ0441,CAM001,2026-07-24T20:00:00,Honda,City,Blue,0.872
707,MH12AB0287,CAM003,2026-08-29T17:00:00,Maruti Suzuki,Baleno,Silver,0.921
708,DL05CD0247,CAM003,2026-08-10T09:00:00,Toyota,Innova,Silver,0.876
709,DL01CD0172,CAM003,2026-07-09T08:00:00,Mahindra,XUV700,Black,0.925
710,DL01CD0172,CAM005,2026-09-04T04:00:00,Mahindra,XUV700,Black,0.89
711,DL05IJ0128,CAM004,2026-08-10T06:00:00,Hyundai,i20,Blue,0.931
712,DL05AB0404,CAM005,2026-08-31T05:00:00,Hyundai,Creta,Blue,0.926
713,DL05AB0404,CAM003,2026-08-24T04:00:00,Hyundai,Creta,Blue,0.972
714,UP16GH0022,CAM005,2026-07-11T04:00:00,Mahindra,XUV700,White,0.986
715,DL01AB0514,CAM002,2026-08-11T20:00:00,Maruti Suzuki,Baleno,Grey,0.906
716,UP16IJ0298,CAM004,2026-07-12T18:00:00,Hyundai,i20,Black,0.979
717,DL01AB0123,CAM002,2026-07-31T06:00:00,Maruti Suzuki,Swift,Red,0.986
718,DL01EF0414,CAM002,2026-08-30T05:00:00,Hyundai,Creta,Black,0.927
719,DL01EF0414,CAM005,2026-07-29T13:00:00,Hyundai,Creta,Black,0.883
720,DL05GH0505,CAM004,2026-07-25T18:00:00,Hyundai,Creta,Blue,0.935
721,UP16EF0374,CAM001,2026-07-29T16:00:00,Mahindra,XUV700,Grey,0.922
722,UP16GH0317,CAM004,2026-07-29T17:00:00,Tata,Nexon,Grey,0.952
723,HR26EF0190,CAM005,2026-07-19T07:00:00,Toyota,Innova,White,0.858
724,HR26EF0190,CAM005,2026-08-28T15:00:00,Toyota,Innova,White,0.913
725,UP16AB0459,CAM002,2026-07-20T07:00:00,Hyundai,Creta,Red,0.995
726,UP16AB0459,CAM001,2026-08-31T07:00:00,Hyundai,Creta,Red,0.93
727,UP16AB0459,CAM004,2026-07-14T05:00:00,Hyundai,Creta,Red,0.864
728,HR26GH0139,CAM001,2026-07-24T16:00:00,Tata,Nexon,Grey,0.921
729,HR26GH0091,CAM005,2026-07-17T05:00:00,Hyundai,Creta,Grey,0.989
730,HR26AB0385,CAM001,2026-07-05T19:00:00,Kia,Seltos,Grey,0.868
731,DL05GH0018,CAM005,2026-08-30T01:00:00,Toyota,Innova,Blue,0.977
732,DL05GH0018,CAM002,2026-07-23T11:00:00,Toyota,Innova,Blue,0.916
733,DL05GH0018,CAM003,2026-08-27T03:00:00,Toyota,Innova,Blue,0.859
734,DL05AB0167,CAM004,2026-07-23T11:00:00,Toyota,Innova,White,0.933
735,UP16IJ0133,CAM004,2026-08-12T19:00:00,Tata,Nexon,Red,0.997
736,UP16IJ0133,CAM002,2026-07-31T06:00:00,Tata,Nexon,Red,0.937
737,HR26IJ0534,CAM003,2026-08-18T19:00:00,Mahindra,XUV700,Silver,0.92
738,HR26IJ0534,CAM005,2026-07-15T06:00:00,Mahindra,XUV700,Silver,0.997
739,DL05GH0582,CAM004,2026-07-09T11:00:00,Maruti Suzuki,Swift,Black,0.873
740,DL05IJ0466,CAM004,2026-08-29T01:00:00,Tata,Punch,Black,0.881
741,DL05IJ0266,CAM003,2026-09-01T23:00:00,Maruti Suzuki,Swift,White,0.931
742,DL05IJ0266,CAM001,2026-08-03T19:00:00,Maruti Suzuki,Swift,White,0.932
743,DL05GH0116,CAM001,2026-07-28T00:00:00,Mahindra,XUV700,White,0.92
744,DL01IJ0393,CAM003,2026-08-12T14:00:00,Mahindra,XUV700,Red,0.931
745,MH12GH0358,CAM002,2026-08-05T22:00:00,Tata,Punch,Grey,0.929
746,MH12GH0358,CAM005,2026-08-30T00:00:00,Tata,Punch,Grey,0.905
747,MH12GH0358,CAM005,2026-07-06T03:00:00,Tata,Punch,Grey,0.966
748,UP16CD0495,CAM004,2026-07-06T14:00:00,Mahindra,XUV700,White,0.947
749,DL01AB0551,CAM004,2026-07-19T11:00:00,Maruti Suzuki,Swift,Silver,0.877
750,UP16EF0135,CAM001,2026-08-01T08:00:00,Kia,Seltos,Black,0.973
751,UP16EF0135,CAM005,2026-08-02T20:00:00,Kia,Seltos,Black,0.852
752,HR26GH0415,CAM002,2026-08-13T01:00:00,Hyundai,i20,Blue,0.858
753,DL05AB0422,CAM004,2026-08-15T14:00:00,Tata,Nexon,Grey,0.865
754,DL05AB0422,CAM003,2026-08-02T09:00:00,Tata,Nexon,Grey,0.888
755,DL01EF0517,CAM002,2026-07-26T00:00:00,Kia,Seltos,Red,0.995
756,DL01EF0517,CAM003,2026-08-08T05:00:00,Kia,Seltos,Red,0.977
757,MH12AB0456,CAM002,2026-07-08T19:00:00,Hyundai,Creta,Blue,0.905
758,MH12AB0456,CAM003,2026-08-19T07:00:00,Hyundai,Creta,Blue,0.873
759,DL01AB0371,CAM005,2026-07-24T05:00:00,Honda,City,Black,0.992
760,DL05IJ0121,CAM003,2026-08-01T23:00:00,Maruti Suzuki,Baleno,Red,0.857
761,DL05IJ0121,CAM005,2026-08-30T05:00:00,Maruti Suzuki,Baleno,Red,0.928
762,DL05IJ0121,CAM002,2026-08-29T00:00:00,Maruti Suzuki,Baleno,Red,0.948
763,HR26GH0015,CAM003,2026-07-24T02:00:00,Tata,Punch,White,0.954
764,UP16EF0086,CAM003,2026-07-29T19:00:00,Hyundai,i20,Black,0.936
765,UP16EF0253,CAM002,2026-07-06T00:00:00,Mahindra,XUV700,Silver,0.873
766,UP16EF0253,CAM001,2026-08-04T11:00:00,Mahindra,XUV700,Silver,0.95
767,DL05AB0129,CAM005,2026-08-22T23:00:00,Maruti Suzuki,Swift,Silver,0.871
768,UP16CD0589,CAM002,2026-08-02T17:00:00,Tata,Nexon,Blue,0.878
769,UP16CD0589,CAM004,2026-08-31T01:00:00,Tata,Nexon,Blue,0.966
770,UP16CD0589,CAM001,2026-08-09T17:00:00,Tata,Nexon,Blue,0.993
771,UP16AB0524,CAM001,2026-09-04T04:00:00,Hyundai,i20,Grey,0.948
772,UP16AB0524,CAM005,2026-07-20T18:00:00,Hyundai,i20,Grey,0.953
773,UP16AB0524,CAM002,2026-07-21T10:00:00,Hyundai,i20,Grey,0.995
774,DL01CD0406,CAM004,2026-07-22T15:00:00,Honda,City,Blue,0.94
775,HR26AB0330,CAM001,2026-08-04T00:00:00,Tata,Punch,Grey,0.907
776,UP16GH0379,CAM001,2026-07-09T12:00:00,Honda,City,Grey,0.953
777,UP16CD0003,CAM001,2026-07-10T05:00:00,Tata,Nexon,Grey,0.873
778,UP16CD0003,CAM005,2026-08-20T19:00:00,Tata,Nexon,Grey,0.947
779,UP16CD0003,CAM004,2026-08-23T02:00:00,Tata,Nexon,Grey,0.951
780,HR26EF0020,CAM005,2026-07-29T21:00:00,Tata,Punch,Blue,0.852
781,HR26EF0020,CAM002,2026-07-14T20:00:00,Tata,Punch,Blue,0.964
782,UP16IJ0488,CAM004,2026-07-11T23:00:00,Tata,Punch,Grey,0.899
783,UP16IJ0488,CAM002,2026-08-03T16:00:00,Tata,Punch,Grey,0.916
784,UP16GH0351,CAM001,2026-08-27T00:00:00,Tata,Nexon,Silver,0.86
785,UP16GH0351,CAM003,2026-09-03T03:00:00,Tata,Nexon,Silver,0.947
786,DL05CD0046,CAM002,2026-07-31T14:00:00,Kia,Seltos,Black,0.959
787,DL05CD0046,CAM003,2026-07-31T18:00:00,Kia,Seltos,Black,0.864
788,DL05CD0046,CAM001,2026-08-25T16:00:00,Kia,Seltos,Black,0.939
789,UP16IJ0042,CAM002,2026-08-31T19:00:00,Toyota,Innova,Red,0.938
790,HR26AB0131,CAM002,2026-07-08T00:00:00,Honda,City,Red,0.923
791,DL05GH0208,CAM004,2026-07-23T09:00:00,Hyundai,Creta,Grey,0.927
792,DL05GH0208,CAM004,2026-08-05T13:00:00,Hyundai,Creta,Grey,0.992
793,UP16EF0255,CAM003,2026-08-29T21:00:00,Tata,Punch,Grey,0.852
794,UP16EF0255,CAM002,2026-08-01T10:00:00,Tata,Punch,Grey,0.92
795,UP16EF0255,CAM005,2026-07-17T10:00:00,Tata,Punch,Grey,0.993
796,DL01IJ0043,CAM004,2026-08-04T10:00:00,Toyota,Innova,Blue,0.956
797,HR26CD0191,CAM003,2026-07-08T05:00:00,Hyundai,Creta,Black,0.976
798,DL01GH0584,CAM002,2026-07-31T00:00:00,Hyundai,Creta,Red,0.898
799,MH12GH0265,CAM002,2026-08-21T07:00:00,Hyundai,Creta,Black,0.941
800,HR26EF0576,CAM004,2026-08-21T07:00:00,Hyundai,i20,Blue,0.872
801,HR26EF0576,CAM001,2026-07-08T23:00:00,Hyundai,i20,Blue,0.996
802,DL05CD0183,CAM002,2026-08-15T00:00:00,Maruti Suzuki,Swift,White,0.871
803,DL01GH0134,CAM005,2026-09-02T13:00:00,Tata,Nexon,Red,0.88
804,DL01GH0134,CAM002,2026-08-05T12:00:00,Tata,Nexon,Red,0.895
805,HR26IJ0088,CAM005,2026-08-02T11:00:00,Hyundai,Creta,Silver,0.867
806,MH12CD0038,CAM005,2026-07-09T16:00:00,Kia,Seltos,Grey,0.986
807,MH12IJ0389,CAM004,2026-08-15T07:00:00,Tata,Nexon,Grey,0.992
808,MH12AB0435,CAM003,2026-07-24T05:00:00,Mahindra,XUV700,White,0.911
809,MH12AB0435,CAM005,2026-08-07T05:00:00,Mahindra,XUV700,White,0.909
810,UP16CD0013,CAM004,2026-07-25T23:00:00,Tata,Punch,White,0.96
811,DL01GH0429,CAM002,2026-08-08T09:00:00,Maruti Suzuki,Baleno,Blue,0.918
812,MH12CD0423,CAM001,2026-08-07T05:00:00,Honda,City,White,0.942
813,MH12CD0423,CAM004,2026-07-14T17:00:00,Honda,City,White,0.963
814,MH12CD0423,CAM004,2026-07-26T14:00:00,Honda,City,White,0.979
815,DL05GH0580,CAM005,2026-07-19T23:00:00,Maruti Suzuki,Baleno,Blue,0.962
816,DL05AB0273,CAM002,2026-07-23T16:00:00,Honda,City,Blue,0.91
817,MH12AB0564,CAM003,2026-07-21T19:00:00,Kia,Seltos,White,0.948
818,MH12AB0564,CAM004,2026-08-12T13:00:00,Kia,Seltos,White,0.887
819,DL01IJ0447,CAM004,2026-07-17T01:00:00,Kia,Seltos,Black,0.895
820,HR26CD0026,CAM003,2026-07-22T11:00:00,Kia,Seltos,Blue,0.893
821,MH12EF0543,CAM001,2026-07-15T14:00:00,Tata,Nexon,Red,0.955
822,DL01AB0002,CAM003,2026-08-23T19:00:00,Tata,Punch,Grey,0.987
823,MH12CD0390,CAM005,2026-07-11T19:00:00,Hyundai,i20,Black,0.994
824,MH12GH0573,CAM005,2026-07-19T00:00:00,Mahindra,XUV700,Black,0.964
825,MH12GH0573,CAM005,2026-08-25T11:00:00,Mahindra,XUV700,Black,0.87
826,MH12GH0573,CAM001,2026-08-12T23:00:00,Mahindra,XUV700,Black,0.957
827,MH12GH0482,CAM001,2026-07-17T08:00:00,Hyundai,i20,Blue,0.934
828,DL01IJ0426,CAM001,2026-07-19T04:00:00,Mahindra,XUV700,Silver,0.879
829,UP16EF0140,CAM004,2026-08-04T06:00:00,Honda,City,Blue,0.903
830,DL05CD0462,CAM003,2026-09-04T04:00:00,Hyundai,Creta,Blue,0.991
831,DL05IJ0332,CAM002,2026-08-06T17:00:00,Tata,Punch,Blue,0.92
832,MH12IJ0078,CAM002,2026-08-30T20:00:00,Tata,Nexon,Blue,0.857
833,HR26AB0152,CAM003,2026-08-10T10:00:00,Honda,City,Grey,0.875
834,DL05GH0552,CAM005,2026-07-06T21:00:00,Hyundai,i20,Blue,0.882
835,DL05GH0552,CAM001,2026-08-01T17:00:00,Hyundai,i20,Blue,0.996
836,UP16CD0486,CAM002,2026-07-23T01:00:00,Toyota,Innova,White,0.965
837,UP16CD0486,CAM001,2026-07-30T19:00:00,Toyota,Innova,White,0.865
838,DL01GH0157,CAM004,2026-07-15T12:00:00,Hyundai,Creta,White,0.894
839,DL01GH0157,CAM002,2026-07-31T16:00:00,Hyundai,Creta,White,0.951
840,DL01GH0157,CAM003,2026-08-19T04:00:00,Hyundai,Creta,White,0.872
841,HR26EF0562,CAM001,2026-08-13T23:00:00,Toyota,Innova,Silver,0.988
842,MH12AB0537,CAM002,2026-08-04T22:00:00,Mahindra,XUV700,Silver,0.893
843,MH12AB0537,CAM001,2026-07-09T20:00:00,Mahindra,XUV700,Silver,0.933
844,DL01GH0213,CAM003,2026-08-28T00:00:00,Honda,City,Grey,0.903
845,DL01GH0213,CAM004,2026-07-29T02:00:00,Honda,City,Grey,0.941
846,DL01IJ0555,CAM005,2026-08-20T01:00:00,Tata,Nexon,Black,0.94
847,DL01IJ0555,CAM002,2026-08-15T01:00:00,Tata,Nexon,Black,0.901
848,DL01IJ0555,CAM002,2026-08-24T21:00:00,Tata,Nexon,Black,0.934
849,HR26AB0107,CAM003,2026-07-09T16:00:00,Maruti Suzuki,Swift,White,0.996
850,HR26AB0597,CAM002,2026-07-09T17:00:00,Tata,Punch,Red,0.996
851,MH12EF0028,CAM003,2026-08-08T09:00:00,Tata,Punch,Black,0.981
852,UP16CD0340,CAM004,2026-07-13T00:00:00,Kia,Seltos,Silver,0.918
853,DL05CD0036,CAM003,2026-08-02T21:00:00,Maruti Suzuki,Baleno,Red,0.927
854,DL05CD0036,CAM002,2026-08-15T03:00:00,Maruti Suzuki,Baleno,Red,0.894
855,DL05CD0036,CAM004,2026-07-31T13:00:00,Maruti Suzuki,Baleno,Red,0.924
856,HR26EF0222,CAM001,2026-08-19T02:00:00,Maruti Suzuki,Baleno,Grey,0.963
857,UP16GH0203,CAM004,2026-07-23T07:00:00,Maruti Suzuki,Swift,Grey,0.932
858,UP16GH0203,CAM001,2026-08-18T11:00:00,Maruti Suzuki,Swift,Grey,0.933
859,MH12EF0153,CAM002,2026-07-10T20:00:00,Tata,Punch,Silver,0.865
860,MH12EF0153,CAM001,2026-08-29T16:00:00,Tata,Punch,Silver,0.877
861,UP16IJ0480,CAM004,2026-07-25T11:00:00,Toyota,Innova,Grey,0.944
862,DL05CD0127,CAM003,2026-07-26T18:00:00,Hyundai,Creta,Silver,0.941
863,DL01IJ0072,CAM004,2026-07-16T05:00:00,Tata,Punch,Red,0.852
864,DL05EF0554,CAM002,2026-07-06T12:00:00,Mahindra,XUV700,Black,0.937
865,DL05IJ0539,CAM004,2026-07-31T18:00:00,Maruti Suzuki,Swift,Silver,0.979
866,DL05IJ0539,CAM001,2026-09-04T05:00:00,Maruti Suzuki,Swift,Silver,0.993
867,DL05IJ0539,CAM001,2026-08-12T21:00:00,Maruti Suzuki,Swift,Silver,0.851
868,MH12CD0181,CAM002,2026-07-22T06:00:00,Tata,Punch,Grey,0.98
869,UP16GH0104,CAM003,2026-07-27T08:00:00,Toyota,Innova,Red,0.885
870,UP16GH0104,CAM003,2026-08-13T04:00:00,Toyota,Innova,Red,0.915
871,HR26IJ0571,CAM005,2026-08-22T20:00:00,Tata,Punch,Black,0.944
872,HR26IJ0571,CAM004,2026-08-07T01:00:00,Tata,Punch,Black,0.952
873,HR26AB0394,CAM004,2026-08-26T21:00:00,Maruti Suzuki,Baleno,Red,0.989
874,DL05CD0103,CAM005,2026-07-19T05:00:00,Maruti Suzuki,Swift,Silver,0.908
875,DL05CD0103,CAM004,2026-07-20T09:00:00,Maruti Suzuki,Swift,Silver,0.871
876,DL05CD0440,CAM005,2026-08-07T18:00:00,Kia,Seltos,Blue,0.974
877,UP16GH0380,CAM004,2026-07-29T01:00:00,Tata,Nexon,Black,0.904
878,UP16GH0380,CAM002,2026-08-05T14:00:00,Tata,Nexon,Black,0.916
879,UP16GH0380,CAM003,2026-08-16T13:00:00,Tata,Nexon,Black,0.915
880,DL05CD0306,CAM004,2026-07-09T07:00:00,Honda,City,Silver,0.881
881,DL05CD0306,CAM003,2026-09-03T11:00:00,Honda,City,Silver,0.874
882,DL05CD0306,CAM003,2026-08-02T00:00:00,Honda,City,Silver,0.901
883,DL01IJ0398,CAM002,2026-07-22T20:00:00,Tata,Nexon,White,0.962
884,DL01IJ0398,CAM003,2026-07-07T05:00:00,Tata,Nexon,White,0.851
885,UP16IJ0572,CAM001,2026-07-31T17:00:00,Maruti Suzuki,Swift,Red,0.924
886,UP16IJ0572,CAM005,2026-07-14T04:00:00,Maruti Suzuki,Swift,Red,0.902
887,DL01CD0064,CAM001,2026-08-24T13:00:00,Tata,Punch,Red,0.91
888,MH12CD0319,CAM004,2026-08-12T09:00:00,Hyundai,i20,Grey,0.865
889,DL05EF0347,CAM004,2026-07-24T17:00:00,Mahindra,XUV700,Grey,0.857
890,MH12CD0487,CAM003,2026-08-04T11:00:00,Mahindra,XUV700,Red,0.954
891,MH12AB0111,CAM002,2026-07-29T16:00:00,Tata,Punch,Silver,0.954
892,MH12AB0111,CAM005,2026-07-16T17:00:00,Tata,Punch,Silver,0.983
893,MH12CD0470,CAM004,2026-07-24T13:00:00,Toyota,Innova,Grey,0.979
894,MH12CD0470,CAM001,2026-08-15T13:00:00,Toyota,Innova,Grey,0.938
895,UP32QQ9000,CAM004,2026-08-12T12:00:00,Kia,Seltos,White,0.957
896,HR51XY9001,CAM001,2026-08-26T12:00:00,Tata,Punch,White,0.926
897,UP32XY9002,CAM004,2026-08-19T12:00:00,Toyota,Innova,Blue,0.892
898,UP32ZZ9003,CAM005,2026-08-27T12:00:00,Toyota,Innova,Grey,0.917
899,DL09XY9004,CAM004,2026-08-20T12:00:00,Honda,City,Grey,0.992
900,UP32XY9005,CAM001,2026-08-27T12:00:00,Toyota,Innova,Black,0.854
901,UP32QQ9006,CAM002,2026-08-16T12:00:00,Toyota,Innova,Grey,0.915
902,DL09XY9007,CAM005,2026-08-20T12:00:00,Honda,City,Red,0.93
903,DL09ZZ9008,CAM005,2026-08-18T12:00:00,Honda,City,Blue,0.872
904,DL09QQ9009,CAM001,2026-08-31T12:00:00,Tata,Punch,White,0.884
905,HR51ZZ9010,CAM001,2026-08-29T12:00:00,Honda,City,White,0.947
906,DL09QQ9011,CAM005,2026-08-19T12:00:00,Tata,Punch,Red,0.939
907,UP32ZZ9012,CAM004,2026-09-03T12:00:00,Toyota,Innova,Grey,0.982
908,HR51QQ9013,CAM002,2026-08-12T12:00:00,Kia,Seltos,Silver,0.885
909,DL09XY9014,CAM002,2026-08-06T12:00:00,Honda,City,White,0.98
910,DL01AB1234,CAM001,2026-09-04T08:30:00,Hyundai,Creta,White,0.98
911,DL05CD9876,CAM002,2026-09-03T14:15:00,Maruti Suzuki,Swift,Silver,0.95
912,HR26EF4455,CAM003,2026-09-02T19:45:00,Mahindra,XUV700,Black,0.94
913,UP16GH1122,CAM004,2026-09-04T11:00:00,Kia,Seltos,Blue,0.96
914,MH12IJ7788,CAM005,2026-09-04T07:10:00,Tata,Nexon,Grey,0.92
915,DL03SC5566,CAM002,2026-09-03T16:20:00,Hyundai,i20,Silver,0.93
