policy_id,vehicle_reg,insurer_id,policy_type,policy_start,policy_until,is_active,premium_inr
1,MH-12-CD-0410,1,THIRD_PARTY,04/09/2024,08/05/2026,0,11564.42
2,HR-26-IJ-0443,1,THIRD_PARTY,04/09/2024,13/08/2026,0,6757.49
3,DL-01-IJ-0305,1,COMPREHENSIVE,04/09/2024,23/03/2026,0,5680.64
4,DL-01-IJ-0164,3,THIRD_PARTY,04/09/2024,23/05/2026,0,3831.82
5,DL-01-GH-0075,2,COMPREHENSIVE,04/09/2024,15/03/2026,0,14342.0
6,MH-12-GH-0051,4,THIRD_PARTY,04/09/2024,10/06/2026,0,12460.06
7,DL-05-AB-0129,4,THIRD_PARTY,04/09/2024,31/03/2026,0,11513.66
8,DL-05-GH-0457,2,COMPREHENSIVE,04/09/2024,15/04/2026,0,6879.08
9,HR-26-IJ-0088,2,COMPREHENSIVE,04/09/2024,10/06/2026,0,3920.09
10,UP-16-EF-0400,5,COMPREHENSIVE,04/09/2024,16/04/2026,0,17058.34
11,MH-12-AB-0007,1,COMPREHENSIVE,04/09/2024,06/06/2026,0,4199.34
12,UP-16-EF-0494,5,THIRD_PARTY,04/09/2024,19/02/2026,0,16233.78
13,UP-16-IJ-0490,2,THIRD_PARTY,04/09/2024,03/05/2026,0,15411.87
14,HR-26-CD-0478,3,COMPREHENSIVE,04/09/2024,18/06/2026,0,12977.15
15,DL-05-CD-0421,3,THIRD_PARTY,04/09/2024,28/08/2026,0,13796.6
16,DL-05-EF-0004,3,COMPREHENSIVE,04/09/2024,15/08/2026,0,9726.38
17,DL-05-AB-0404,2,COMPREHENSIVE,04/09/2024,29/06/2026,0,16858.87
18,MH-12-EF-0277,4,THIRD_PARTY,04/09/2024,09/03/2026,0,11988.25
19,UP-16-EF-0008,4,COMPREHENSIVE,04/09/2024,24/02/2026,0,10574.65
20,DL-05-IJ-0029,3,THIRD_PARTY,04/09/2024,14/03/2026,0,5244.68
21,DL-01-CD-0567,2,COMPREHENSIVE,04/09/2024,07/05/2026,0,11474.15
22,UP-16-IJ-0402,1,COMPREHENSIVE,04/09/2024,07/06/2026,0,6707.79
23,HR-26-IJ-0149,2,THIRD_PARTY,04/09/2024,01/05/2026,0,14140.25
24,HR-26-IJ-0534,3,COMPREHENSIVE,04/09/2024,01/07/2026,0,10513.66
25,DL-05-AB-0339,4,THIRD_PARTY,04/09/2024,27/06/2026,0,3593.29
26,UP-16-EF-0024,4,COMPREHENSIVE,04/09/2024,17/08/2026,0,6707.31
27,DL-01-AB-0515,4,COMPREHENSIVE,04/09/2024,30/06/2026,0,15826.8
28,DL-01-CD-0094,5,COMPREHENSIVE,04/09/2024,21/06/2026,0,13041.39
29,MH-12-EF-0198,1,THIRD_PARTY,04/09/2024,28/04/2026,0,13113.56
30,UP-16-IJ-0350,2,COMPREHENSIVE,04/09/2024,23/07/2026,0,3865.87
31,DL-01-EF-0511,5,THIRD_PARTY,04/09/2024,20/08/2026,0,10056.42
32,DL-01-CD-0102,5,COMPREHENSIVE,04/09/2024,10/08/2026,0,10658.0
33,UP-16-EF-0301,2,THIRD_PARTY,04/09/2024,25/08/2026,0,7073.41
34,HR-26-AB-0454,5,COMPREHENSIVE,04/09/2024,31/05/2026,0,14266.92
35,UP-16-EF-0253,3,COMPREHENSIVE,04/09/2024,28/03/2026,0,9946.79
36,UP-16-AB-0353,1,COMPREHENSIVE,04/09/2024,17/08/2026,0,5401.46
37,MH-12-GH-0596,3,THIRD_PARTY,04/09/2024,14/05/2026,0,3544.5
38,HR-26-IJ-0510,4,THIRD_PARTY,04/09/2024,11/08/2026,0,15021.36
39,HR-26-CD-0300,4,COMPREHENSIVE,04/09/2024,04/05/2026,0,15758.76
40,UP-16-CD-0365,3,THIRD_PARTY,04/09/2024,16/06/2026,0,16088.44
41,HR-26-CD-0283,1,THIRD_PARTY,04/09/2024,28/04/2026,0,13339.58
42,HR-26-IJ-0194,3,THIRD_PARTY,04/09/2024,30/04/2026,0,12737.03
43,HR-26-GH-0522,5,COMPREHENSIVE,04/09/2024,11/07/2026,0,14064.53
44,UP-16-GH-0574,3,THIRD_PARTY,04/09/2024,25/07/2026,0,6993.33
45,HR-26-AB-0174,1,THIRD_PARTY,04/09/2024,24/06/2026,0,4172.63
46,DL-05-IJ-0327,2,COMPREHENSIVE,04/09/2024,25/03/2026,0,14421.47
47,HR-26-EF-0014,4,THIRD_PARTY,04/09/2024,08/04/2026,0,9339.48
48,UP-16-AB-0361,4,THIRD_PARTY,04/09/2024,06/04/2026,0,16236.91
49,UP-16-EF-0271,5,COMPREHENSIVE,04/09/2024,10/07/2026,0,8118.17
50,DL-05-EF-0316,3,COMPREHENSIVE,04/09/2024,23/04/2026,0,16742.81
51,HR-26-AB-0267,1,COMPREHENSIVE,05/09/2022,04/09/2024,0,9313.66
52,HR-26-AB-0267,1,COMPREHENSIVE,27/05/2026,02/03/2027,1,9313.66
53,DL-01-IJ-0565,4,COMPREHENSIVE,05/09/2022,04/09/2024,0,13242.29
54,DL-01-IJ-0565,4,COMPREHENSIVE,27/05/2026,18/01/2027,1,13242.29
55,MH-12-AB-0092,1,THIRD_PARTY,05/09/2022,04/09/2024,0,11715.48
56,MH-12-AB-0092,1,THIRD_PARTY,27/05/2026,09/02/2027,1,11715.48
57,MH-12-GH-0482,2,THIRD_PARTY,05/09/2022,04/09/2024,0,11958.14
58,MH-12-GH-0482,2,THIRD_PARTY,27/05/2026,20/02/2027,1,11958.14
59,UP-16-GH-0351,3,COMPREHENSIVE,05/09/2022,04/09/2024,0,14799.4
60,UP-16-GH-0351,3,COMPREHENSIVE,27/05/2026,19/11/2026,1,14799.4
61,MH-12-IJ-0052,2,THIRD_PARTY,05/09/2022,04/09/2024,0,14059.91
62,MH-12-IJ-0052,2,THIRD_PARTY,27/05/2026,15/12/2026,1,14059.91
63,DL-01-CD-0195,2,THIRD_PARTY,05/09/2022,04/09/2024,0,16035.87
64,DL-01-CD-0195,2,THIRD_PARTY,27/05/2026,22/11/2026,1,16035.87
65,UP-16-EF-0232,2,COMPREHENSIVE,05/09/2022,04/09/2024,0,17535.38
66,UP-16-EF-0232,2,COMPREHENSIVE,27/05/2026,14/05/2027,1,17535.38
67,DL-01-GH-0143,4,COMPREHENSIVE,05/09/2022,04/09/2024,0,11621.16
68,DL-01-GH-0143,4,COMPREHENSIVE,27/05/2026,15/02/2027,1,11621.16
69,DL-01-EF-0517,2,THIRD_PARTY,05/09/2022,04/09/2024,0,15167.02
70,DL-01-EF-0517,2,THIRD_PARTY,27/05/2026,15/06/2027,1,15167.02
71,DL-05-GH-0130,3,COMPREHENSIVE,27/01/2026,04/03/2027,1,17833.11
72,UP-16-AB-0484,5,COMPREHENSIVE,19/03/2026,20/05/2027,1,15208.37
73,UP-16-IJ-0188,2,THIRD_PARTY,12/03/2026,12/05/2027,1,11693.19
74,DL-01-CD-0172,2,THIRD_PARTY,26/01/2026,24/05/2027,1,5187.87
75,UP-16-EF-0179,2,THIRD_PARTY,23/01/2026,02/07/2027,1,6308.85
76,UP-16-GH-0451,1,THIRD_PARTY,14/06/2026,17/02/2027,1,9920.87
77,MH-12-CD-0077,5,THIRD_PARTY,15/06/2026,08/03/2027,1,16976.78
78,UP-16-AB-0090,5,COMPREHENSIVE,22/02/2026,02/01/2027,1,17976.38
79,UP-16-EF-0135,4,THIRD_PARTY,21/01/2026,15/06/2027,1,7811.38
80,DL-01-CD-0588,4,THIRD_PARTY,15/12/2025,10/06/2027,1,4147.86
81,DL-01-IJ-0272,2,COMPREHENSIVE,21/02/2026,16/06/2027,1,11172.03
82,DL-05-GH-0116,3,THIRD_PARTY,01/06/2026,21/08/2027,1,12519.53
83,DL-01-AB-0262,2,COMPREHENSIVE,29/03/2026,05/05/2027,1,6944.3
84,UP-16-EF-0346,5,COMPREHENSIVE,08/01/2026,01/05/2027,1,11012.03
85,HR-26-CD-0366,1,COMPREHENSIVE,09/04/2026,21/01/2027,1,15066.85
86,HR-26-CD-0096,1,THIRD_PARTY,20/06/2026,13/01/2027,1,5829.67
87,UP-16-CD-0013,3,THIRD_PARTY,20/04/2026,03/09/2027,1,16905.23
88,DL-01-IJ-0431,1,THIRD_PARTY,18/03/2026,29/08/2027,1,9660.68
89,DL-05-IJ-0526,5,COMPREHENSIVE,20/01/2026,23/08/2027,1,11793.95
90,DL-05-AB-0244,2,COMPREHENSIVE,17/12/2025,23/06/2027,1,10483.34
91,MH-12-EF-0324,5,COMPREHENSIVE,18/11/2025,06/05/2027,1,11436.56
92,DL-05-EF-0347,1,THIRD_PARTY,27/03/2026,05/12/2026,1,13127.24
93,UP-16-AB-0519,5,THIRD_PARTY,10/01/2026,07/11/2026,1,6583.28
94,DL-05-IJ-0044,3,THIRD_PARTY,03/02/2026,09/01/2027,1,17154.74
95,HR-26-CD-0085,5,COMPREHENSIVE,15/03/2026,19/11/2026,1,5723.54
96,DL-01-CD-0019,1,THIRD_PARTY,19/04/2026,02/08/2027,1,5035.17
97,UP-16-GH-0203,1,COMPREHENSIVE,01/08/2026,16/12/2026,1,9618.87
98,HR-26-AB-0251,3,THIRD_PARTY,15/06/2026,29/06/2027,1,9509.9
99,MH-12-EF-0395,5,COMPREHENSIVE,20/01/2026,29/08/2027,1,3790.47
100,DL-05-EF-0493,2,THIRD_PARTY,12/02/2026,17/01/2027,1,11214.75
101,DL-01-GH-0235,1,COMPREHENSIVE,23/03/2026,10/04/2027,1,16974.32
102,DL-01-AB-0118,3,THIRD_PARTY,23/03/2026,05/07/2027,1,3932.45
103,HR-26-AB-0115,5,COMPREHENSIVE,28/03/2026,24/11/2026,1,10321.21
104,UP-16-GH-0379,2,COMPREHENSIVE,19/02/2026,23/04/2027,1,9159.22
105,MH-12-GH-0069,2,THIRD_PARTY,27/11/2025,04/06/2027,1,5814.53
106,DL-01-GH-0590,5,COMPREHENSIVE,03/02/2026,07/01/2027,1,10289.47
107,HR-26-EF-0030,5,COMPREHENSIVE,15/02/2026,11/07/2027,1,5500.25
108,UP-16-AB-0335,3,THIRD_PARTY,25/01/2026,17/11/2026,1,13197.07
109,HR-26-IJ-0322,5,THIRD_PARTY,23/06/2026,16/08/2027,1,13441.59
110,UP-16-GH-0022,4,THIRD_PARTY,08/01/2026,19/12/2026,1,6876.92
111,DL-05-CD-0103,2,COMPREHENSIVE,09/12/2025,11/12/2026,1,17039.01
112,MH-12-IJ-0109,3,THIRD_PARTY,04/05/2026,24/03/2027,1,17456.23
113,DL-05-CD-0122,5,THIRD_PARTY,15/11/2025,27/08/2027,1,5738.71
114,DL-01-EF-0070,3,THIRD_PARTY,12/01/2026,13/12/2026,1,17408.99
115,DL-05-GH-0497,1,THIRD_PARTY,09/07/2026,13/12/2026,1,7958.76
116,DL-01-EF-0259,4,THIRD_PARTY,29/05/2026,05/05/2027,1,4390.69
117,DL-05-GH-0507,5,COMPREHENSIVE,25/01/2026,09/06/2027,1,15415.47
118,HR-26-EF-0527,1,COMPREHENSIVE,12/05/2026,01/09/2027,1,15626.37
119,UP-16-IJ-0500,2,THIRD_PARTY,10/03/2026,30/04/2027,1,15792.81
120,UP-16-CD-0438,1,COMPREHENSIVE,27/01/2026,14/05/2027,1,9887.29
121,HR-26-AB-0131,1,THIRD_PARTY,28/07/2026,14/06/2027,1,11040.7
122,DL-01-EF-0474,5,THIRD_PARTY,12/03/2026,15/06/2027,1,15140.47
123,DL-01-IJ-0043,2,THIRD_PARTY,04/05/2026,05/12/2026,1,5794.6
124,HR-26-AB-0152,5,THIRD_PARTY,17/07/2026,04/07/2027,1,14935.78
125,DL-01-AB-0377,2,THIRD_PARTY,17/12/2025,23/12/2026,1,11155.02
126,DL-01-GH-0240,2,THIRD_PARTY,24/05/2026,12/04/2027,1,10396.52
127,MH-12-GH-0286,1,COMPREHENSIVE,15/07/2026,13/07/2027,1,16873.03
128,HR-26-IJ-0441,2,THIRD_PARTY,22/12/2025,23/12/2026,1,6938.83
129,DL-05-GH-0538,5,THIRD_PARTY,05/06/2026,29/12/2026,1,17228.48
130,MH-12-GH-0504,4,THIRD_PARTY,12/11/2025,13/03/2027,1,15055.62
131,UP-16-CD-0003,1,COMPREHENSIVE,03/06/2026,21/03/2027,1,16179.56
132,DL-01-AB-0285,5,THIRD_PARTY,27/01/2026,24/08/2027,1,6408.11
133,UP-16-EF-0281,4,COMPREHENSIVE,29/12/2025,06/03/2027,1,4021.46
134,UP-16-IJ-0572,1,COMPREHENSIVE,15/11/2025,23/01/2027,1,8569.61
135,MH-12-AB-0456,4,THIRD_PARTY,29/03/2026,20/02/2027,1,17350.2
136,UP-16-GH-0579,5,THIRD_PARTY,17/04/2026,01/02/2027,1,6039.15
137,HR-26-EF-0218,1,COMPREHENSIVE,26/03/2026,06/03/2027,1,8735.84
138,UP-16-CD-0162,2,THIRD_PARTY,13/06/2026,05/02/2027,1,11069.86
139,HR-26-EF-0364,5,THIRD_PARTY,18/01/2026,28/12/2026,1,16009.21
140,HR-26-GH-0399,2,COMPREHENSIVE,16/04/2026,26/11/2026,1,15539.28
141,UP-16-IJ-0512,5,THIRD_PARTY,02/05/2026,04/05/2027,1,8765.66
142,MH-12-CD-0372,2,COMPREHENSIVE,10/04/2026,10/03/2027,1,8653.88
143,UP-16-AB-0524,5,THIRD_PARTY,13/05/2026,18/05/2027,1,8939.3
144,HR-26-EF-0151,1,COMPREHENSIVE,02/05/2026,19/04/2027,1,11568.76
145,DL-01-IJ-0072,5,COMPREHENSIVE,16/07/2026,21/06/2027,1,16966.67
146,HR-26-AB-0249,5,COMPREHENSIVE,21/05/2026,02/09/2027,1,12306.43
147,UP-16-CD-0219,4,COMPREHENSIVE,17/02/2026,23/06/2027,1,15050.85
148,DL-01-AB-0180,3,COMPREHENSIVE,18/01/2026,06/01/2027,1,15782.62
149,UP-16-IJ-0125,4,COMPREHENSIVE,22/11/2025,04/12/2026,1,14330.79
150,UP-16-AB-0268,3,COMPREHENSIVE,24/07/2026,16/03/2027,1,6256.27
151,MH-12-CD-0181,4,COMPREHENSIVE,27/12/2025,02/07/2027,1,7649.94
152,MH-12-AB-0287,5,THIRD_PARTY,27/01/2026,23/12/2026,1,6391.28
153,UP-16-EF-0197,2,THIRD_PARTY,18/02/2026,28/02/2027,1,15647.55
154,UP-16-AB-0184,1,COMPREHENSIVE,31/01/2026,15/02/2027,1,3594.25
155,HR-26-CD-0337,2,THIRD_PARTY,08/11/2025,03/12/2026,1,14578.82
156,DL-01-GH-0599,3,THIRD_PARTY,05/01/2026,06/07/2027,1,16339.59
157,DL-01-EF-0498,4,THIRD_PARTY,01/02/2026,16/01/2027,1,4596.06
158,UP-16-EF-0045,5,THIRD_PARTY,22/11/2025,18/08/2027,1,17512.84
159,DL-01-CD-0084,2,COMPREHENSIVE,28/12/2025,23/03/2027,1,9024.45
160,UP-16-IJ-0502,2,THIRD_PARTY,29/12/2025,02/01/2027,1,17121.7
161,UP-16-GH-0165,5,THIRD_PARTY,16/02/2026,20/04/2027,1,4192.66
162,DL-05-IJ-0121,2,COMPREHENSIVE,04/06/2026,08/11/2026,1,8745.57
163,MH-12-AB-0481,2,COMPREHENSIVE,26/02/2026,31/03/2027,1,15726.7
164,UP-16-AB-0363,1,THIRD_PARTY,19/05/2026,23/11/2026,1,13831.47
165,DL-05-IJ-0309,3,THIRD_PARTY,16/01/2026,02/06/2027,1,7971.03
166,UP-16-IJ-0376,4,COMPREHENSIVE,15/07/2026,23/12/2026,1,10243.75
167,MH-12-IJ-0095,4,COMPREHENSIVE,24/07/2026,03/06/2027,1,5683.3
168,MH-12-AB-0177,1,COMPREHENSIVE,16/05/2026,26/06/2027,1,17409.43
169,MH-12-GH-0234,4,THIRD_PARTY,09/04/2026,12/07/2027,1,11538.67
170,HR-26-EF-0503,3,THIRD_PARTY,26/06/2026,21/01/2027,1,3603.51
171,DL-05-EF-0146,2,THIRD_PARTY,29/03/2026,15/12/2026,1,16467.78
172,UP-16-AB-0062,5,THIRD_PARTY,28/07/2026,22/06/2027,1,12072.44
173,HR-26-EF-0291,5,THIRD_PARTY,24/02/2026,02/07/2027,1,5866.58
174,UP-16-CD-0209,5,THIRD_PARTY,29/01/2026,23/03/2027,1,11227.13
175,HR-26-GH-0136,5,COMPREHENSIVE,21/05/2026,02/06/2027,1,10876.99
176,UP-16-GH-0453,2,COMPREHENSIVE,27/03/2026,26/05/2027,1,10301.4
177,DL-05-IJ-0332,1,COMPREHENSIVE,06/04/2026,27/08/2027,1,5274.14
178,DL-05-EF-0250,1,COMPREHENSIVE,06/12/2025,07/11/2026,1,14529.94
179,HR-26-AB-0409,4,THIRD_PARTY,06/05/2026,29/05/2027,1,15816.0
180,UP-16-EF-0031,3,THIRD_PARTY,04/04/2026,14/01/2027,1,15546.57
181,MH-12-GH-0573,1,THIRD_PARTY,15/05/2026,28/05/2027,1,8527.63
182,HR-26-EF-0222,5,COMPREHENSIVE,11/02/2026,07/12/2026,1,6106.2
183,DL-05-EF-0294,1,THIRD_PARTY,22/06/2026,08/08/2027,1,5326.01
184,DL-05-GH-0591,4,THIRD_PARTY,17/07/2026,18/12/2026,1,9739.16
185,UP-16-GH-0583,1,COMPREHENSIVE,23/02/2026,19/07/2027,1,16852.8
186,MH-12-AB-0564,1,COMPREHENSIVE,23/01/2026,04/01/2027,1,17752.84
187,DL-05-CD-0247,4,THIRD_PARTY,21/07/2026,08/06/2027,1,10683.54
188,DL-01-GH-0429,1,THIRD_PARTY,10/06/2026,10/07/2027,1,12058.33
189,DL-05-CD-0333,2,COMPREHENSIVE,25/06/2026,05/02/2027,1,12838.0
190,MH-12-CD-0356,2,COMPREHENSIVE,18/12/2025,28/01/2027,1,8976.19
191,UP-16-EF-0357,5,THIRD_PARTY,27/06/2026,04/12/2026,1,13529.16
192,DL-05-GH-0263,2,COMPREHENSIVE,26/05/2026,10/08/2027,1,12800.52
193,UP-16-CD-0170,1,THIRD_PARTY,08/06/2026,12/11/2026,1,9826.3
194,DL-01-GH-0089,4,THIRD_PARTY,04/04/2026,11/05/2027,1,17657.51
195,MH-12-EF-0558,3,THIRD_PARTY,14/05/2026,03/11/2026,1,12964.38
196,DL-05-GH-0010,1,COMPREHENSIVE,21/12/2025,06/04/2027,1,7263.76
197,UP-16-EF-0384,4,THIRD_PARTY,24/04/2026,28/12/2026,1,5598.11
198,DL-01-EF-0278,3,THIRD_PARTY,07/04/2026,16/02/2027,1,9488.12
199,UP-16-AB-0471,2,COMPREHENSIVE,16/07/2026,09/05/2027,1,15806.44
200,DL-01-EF-0541,3,THIRD_PARTY,21/02/2026,03/04/2027,1,3730.78
201,UP-16-IJ-0430,1,COMPREHENSIVE,15/12/2025,20/03/2027,1,8258.36
202,HR-26-IJ-0571,1,COMPREHENSIVE,25/02/2026,12/03/2027,1,9733.76
203,MH-12-EF-0248,1,COMPREHENSIVE,12/01/2026,16/08/2027,1,9257.99
204,MH-12-GH-0407,5,THIRD_PARTY,09/04/2026,31/03/2027,1,5764.25
205,DL-01-CD-0352,1,THIRD_PARTY,03/08/2026,02/07/2027,1,6253.22
206,DL-01-GH-0213,5,COMPREHENSIVE,12/12/2025,21/01/2027,1,13989.68
207,DL-01-EF-0159,3,THIRD_PARTY,23/07/2026,08/06/2027,1,9020.84
208,UP-16-CD-0444,5,THIRD_PARTY,27/12/2025,27/04/2027,1,6155.65
209,DL-01-AB-0326,5,COMPREHENSIVE,31/05/2026,13/05/2027,1,13164.16
210,HR-26-EF-0190,3,COMPREHENSIVE,10/06/2026,30/05/2027,1,10447.9
211,HR-26-AB-0158,4,THIRD_PARTY,24/04/2026,04/04/2027,1,4760.89
212,MH-12-IJ-0078,1,THIRD_PARTY,02/08/2026,16/05/2027,1,10180.26
213,UP-16-CD-0340,3,THIRD_PARTY,26/07/2026,12/02/2027,1,4184.73
214,UP-16-GH-0104,3,COMPREHENSIVE,05/03/2026,04/02/2027,1,13495.03
215,UP-16-IJ-0425,2,COMPREHENSIVE,20/05/2026,02/02/2027,1,7680.05
216,UP-16-IJ-0375,5,THIRD_PARTY,31/03/2026,29/05/2027,1,9107.52
217,HR-26-AB-0385,3,THIRD_PARTY,14/11/2025,28/05/2027,1,5433.44
218,DL-05-GH-0582,2,THIRD_PARTY,10/01/2026,08/03/2027,1,4762.86
219,DL-01-GH-0134,1,THIRD_PARTY,09/01/2026,03/01/2027,1,4098.02
220,UP-16-CD-0039,1,COMPREHENSIVE,15/03/2026,29/11/2026,1,17702.33
221,DL-05-AB-0422,5,THIRD_PARTY,18/12/2025,12/08/2027,1,8607.9
222,DL-01-IJ-0220,4,COMPREHENSIVE,05/05/2026,06/11/2026,1,9503.14
223,DL-01-CD-0406,4,THIRD_PARTY,12/07/2026,19/07/2027,1,11708.3
224,MH-12-EF-0006,1,THIRD_PARTY,04/04/2026,22/03/2027,1,9155.31
225,DL-05-IJ-0252,3,THIRD_PARTY,15/06/2026,10/06/2027,1,13312.58
226,UP-16-GH-0017,1,THIRD_PARTY,03/07/2026,30/07/2027,1,5228.92
227,UP-16-AB-0212,4,THIRD_PARTY,20/03/2026,29/11/2026,1,16844.59
228,MH-12-IJ-0396,5,COMPREHENSIVE,22/02/2026,17/08/2027,1,4300.02
229,MH-12-AB-0040,2,THIRD_PARTY,12/04/2026,31/08/2027,1,12458.17
230,MH-12-EF-0600,4,THIRD_PARTY,03/12/2025,18/06/2027,1,12810.76
231,HR-26-AB-0293,2,THIRD_PARTY,01/03/2026,21/04/2027,1,15685.21
232,HR-26-GH-0099,1,COMPREHENSIVE,25/04/2026,13/12/2026,1,14376.71
233,DL-05-IJ-0266,1,COMPREHENSIVE,05/05/2026,29/04/2027,1,4161.53
234,HR-26-CD-0485,3,COMPREHENSIVE,16/02/2026,09/03/2027,1,15648.09
235,DL-01-AB-0371,5,COMPREHENSIVE,11/02/2026,29/11/2026,1,16284.07
236,DL-01-CD-0598,1,COMPREHENSIVE,01/04/2026,13/08/2027,1,11733.87
237,DL-05-AB-0420,2,THIRD_PARTY,23/12/2025,04/12/2026,1,11094.78
238,DL-05-AB-0563,1,THIRD_PARTY,07/06/2026,03/05/2027,1,9690.76
239,UP-16-GH-0544,4,COMPREHENSIVE,30/04/2026,07/04/2027,1,10271.1
240,DL-05-IJ-0539,3,THIRD_PARTY,17/01/2026,16/01/2027,1,13230.65
241,DL-05-AB-0381,1,THIRD_PARTY,21/02/2026,01/01/2027,1,4751.73
242,MH-12-EF-0344,5,COMPREHENSIVE,22/04/2026,30/12/2026,1,6186.54
243,HR-26-IJ-0226,3,COMPREHENSIVE,05/05/2026,08/01/2027,1,11350.82
244,HR-26-EF-0034,2,THIRD_PARTY,16/02/2026,27/06/2027,1,10052.63
245,UP-16-AB-0434,3,COMPREHENSIVE,25/05/2026,13/02/2027,1,14818.66
246,DL-01-IJ-0516,5,COMPREHENSIVE,21/12/2025,16/11/2026,1,6157.52
247,UP-16-AB-0331,1,COMPREHENSIVE,20/06/2026,08/03/2027,1,6319.48
248,MH-12-IJ-0257,5,COMPREHENSIVE,02/06/2026,03/12/2026,1,15046.56
249,MH-12-EF-0299,1,COMPREHENSIVE,26/12/2025,06/05/2027,1,13208.56
250,DL-05-GH-0552,2,COMPREHENSIVE,19/02/2026,16/04/2027,1,9065.72
251,MH-12-GH-0274,4,COMPREHENSIVE,17/12/2025,22/07/2027,1,6839.18
252,MH-12-IJ-0311,3,THIRD_PARTY,13/05/2026,08/12/2026,1,12068.77
253,DL-05-EF-0554,4,THIRD_PARTY,15/12/2025,24/02/2027,1,11611.33
254,MH-12-AB-0185,4,COMPREHENSIVE,24/03/2026,29/06/2027,1,4413.84
255,HR-26-CD-0302,3,THIRD_PARTY,22/05/2026,23/01/2027,1,4498.45
256,UP-16-CD-0343,2,THIRD_PARTY,30/12/2025,27/06/2027,1,15290.26
257,MH-12-IJ-0336,2,COMPREHENSIVE,05/12/2025,05/02/2027,1,5527.69
258,DL-05-EF-0132,4,THIRD_PARTY,22/03/2026,20/07/2027,1,6679.63
259,HR-26-EF-0269,1,THIRD_PARTY,31/03/2026,19/07/2027,1,13328.62
260,UP-16-IJ-0042,2,THIRD_PARTY,26/11/2025,23/04/2027,1,5893.74
261,HR-26-CD-0081,3,THIRD_PARTY,24/07/2026,12/05/2027,1,12363.74
262,DL-05-GH-0208,3,THIRD_PARTY,08/11/2025,21/04/2027,1,13401.33
263,UP-16-GH-0334,5,COMPREHENSIVE,06/02/2026,01/09/2027,1,9343.05
264,UP-16-EF-0321,4,THIRD_PARTY,26/06/2026,06/06/2027,1,12607.87
265,HR-26-EF-0310,2,COMPREHENSIVE,20/01/2026,30/04/2027,1,7470.14
266,DL-05-CD-0282,2,THIRD_PARTY,24/12/2025,07/07/2027,1,17872.44
267,DL-01-EF-0098,4,THIRD_PARTY,08/01/2026,26/01/2027,1,10481.21
268,DL-01-AB-0359,1,COMPREHENSIVE,10/01/2026,12/05/2027,1,16217.71
269,UP-16-AB-0113,4,THIRD_PARTY,16/06/2026,31/12/2026,1,8161.35
270,HR-26-GH-0073,5,COMPREHENSIVE,23/07/2026,31/07/2027,1,7171.58
271,DL-05-IJ-0520,2,COMPREHENSIVE,28/07/2026,04/08/2027,1,12001.25
272,DL-01-IJ-0393,1,THIRD_PARTY,15/02/2026,27/08/2027,1,6706.19
273,DL-05-CD-0047,1,THIRD_PARTY,07/04/2026,06/01/2027,1,14520.19
274,MH-12-EF-0201,1,THIRD_PARTY,15/01/2026,17/11/2026,1,17849.93
275,DL-05-AB-0005,4,COMPREHENSIVE,07/05/2026,01/09/2027,1,7543.55
276,UP-16-GH-0304,2,THIRD_PARTY,12/02/2026,27/01/2027,1,3541.44
277,HR-26-AB-0256,1,COMPREHENSIVE,10/04/2026,22/12/2026,1,14483.17
278,DL-05-IJ-0341,4,THIRD_PARTY,07/12/2025,06/11/2026,1,15823.65
279,DL-01-GH-0575,2,THIRD_PARTY,22/04/2026,02/04/2027,1,13431.94
280,UP-16-IJ-0360,4,THIRD_PARTY,07/12/2025,30/08/2027,1,7013.81
281,DL-01-AB-0531,4,COMPREHENSIVE,06/04/2026,10/08/2027,1,5464.89
282,HR-26-CD-0191,1,THIRD_PARTY,05/03/2026,13/07/2027,1,8622.53
283,DL-05-EF-0025,3,COMPREHENSIVE,13/06/2026,15/06/2027,1,10462.99
284,UP-16-EF-0255,3,COMPREHENSIVE,04/03/2026,01/07/2027,1,7021.53
285,DL-01-IJ-0182,2,THIRD_PARTY,05/08/2026,30/08/2027,1,17272.27
286,DL-01-IJ-0290,5,THIRD_PARTY,16/11/2025,16/03/2027,1,9135.58
287,MH-12-CD-0314,1,THIRD_PARTY,04/12/2025,12/06/2027,1,10273.67
288,UP-16-CD-0227,2,THIRD_PARTY,04/06/2026,16/01/2027,1,11405.38
289,UP-16-CD-0542,3,THIRD_PARTY,08/05/2026,03/03/2027,1,14121.44
290,DL-01-EF-0349,5,THIRD_PARTY,13/05/2026,10/07/2027,1,16427.8
291,DL-01-IJ-0566,1,COMPREHENSIVE,08/11/2025,30/08/2027,1,8450.96
292,DL-01-CD-0403,1,THIRD_PARTY,23/05/2026,13/06/2027,1,8000.87
293,DL-01-CD-0187,3,THIRD_PARTY,30/07/2026,01/01/2027,1,4176.88
294,HR-26-CD-0026,2,COMPREHENSIVE,12/02/2026,03/01/2027,1,17158.28
295,UP-16-GH-0449,5,THIRD_PARTY,10/03/2026,19/06/2027,1,4310.55
296,UP-16-EF-0374,2,THIRD_PARTY,30/12/2025,14/12/2026,1,7286.45
297,UP-16-GH-0547,3,COMPREHENSIVE,02/04/2026,27/02/2027,1,16513.11
298,MH-12-CD-0423,4,COMPREHENSIVE,21/11/2025,11/03/2027,1,5456.4
299,DL-01-EF-0414,4,COMPREHENSIVE,27/12/2025,09/07/2027,1,4964.84
300,DL-05-AB-0338,2,COMPREHENSIVE,07/01/2026,03/05/2027,1,7166.18
301,DL-05-AB-0577,4,COMPREHENSIVE,23/02/2026,29/03/2027,1,4107.29
302,UP-16-AB-0254,3,COMPREHENSIVE,01/03/2026,21/08/2027,1,8513.33
303,HR-26-IJ-0587,5,THIRD_PARTY,18/11/2025,26/01/2027,1,6431.89
304,MH-12-IJ-0238,4,THIRD_PARTY,25/07/2026,14/01/2027,1,9180.67
305,DL-01-AB-0124,3,COMPREHENSIVE,11/03/2026,21/12/2026,1,11486.83
306,DL-01-GH-0419,3,COMPREHENSIVE,20/01/2026,31/05/2027,1,16068.16
307,HR-26-EF-0562,2,COMPREHENSIVE,12/02/2026,11/11/2026,1,6091.86
308,DL-01-EF-0370,2,COMPREHENSIVE,27/06/2026,14/01/2027,1,15583.01
309,MH-12-GH-0523,1,COMPREHENSIVE,19/05/2026,15/06/2027,1,8692.87
310,HR-26-EF-0020,1,COMPREHENSIVE,14/11/2025,07/11/2026,1,14429.59
311,UP-16-IJ-0231,4,THIRD_PARTY,29/11/2025,18/12/2026,1,11963.46
312,DL-01-EF-0050,3,COMPREHENSIVE,21/12/2025,24/11/2026,1,16021.83
313,DL-05-EF-0239,5,COMPREHENSIVE,05/08/2026,03/07/2027,1,4374.02
314,UP-16-IJ-0133,4,THIRD_PARTY,31/03/2026,30/06/2027,1,8769.04
315,HR-26-AB-0107,3,THIRD_PARTY,18/11/2025,04/04/2027,1,5397.96
316,DL-01-AB-0117,5,COMPREHENSIVE,05/05/2026,26/06/2027,1,7063.19
317,MH-12-EF-0093,5,COMPREHENSIVE,01/12/2025,09/06/2027,1,7986.13
318,DL-05-IJ-0128,1,COMPREHENSIVE,30/01/2026,10/07/2027,1,7602.95
319,HR-26-AB-0080,5,COMPREHENSIVE,30/03/2026,08/05/2027,1,5931.15
320,MH-12-CD-0307,3,COMPREHENSIVE,04/07/2026,16/12/2026,1,15415.9
321,UP-16-CD-0486,1,COMPREHENSIVE,26/03/2026,09/05/2027,1,16834.75
322,UP-16-IJ-0298,4,THIRD_PARTY,25/06/2026,12/08/2027,1,8384.17
323,DL-05-CD-0276,4,THIRD_PARTY,29/07/2026,17/01/2027,1,17019.32
324,MH-12-CD-0097,4,THIRD_PARTY,21/05/2026,15/02/2027,1,4195.11
325,DL-05-EF-0048,2,THIRD_PARTY,28/01/2026,27/03/2027,1,17650.53
326,UP-16-CD-0061,1,COMPREHENSIVE,05/02/2026,03/05/2027,1,15608.72
327,UP-16-EF-0546,4,COMPREHENSIVE,02/05/2026,16/03/2027,1,16067.66
328,HR-26-AB-0518,2,COMPREHENSIVE,10/11/2025,10/02/2027,1,8276.14
329,DL-05-AB-0126,5,COMPREHENSIVE,21/06/2026,07/11/2026,1,14534.95
330,HR-26-AB-0246,2,COMPREHENSIVE,10/02/2026,05/02/2027,1,11086.73
331,UP-16-IJ-0469,5,THIRD_PARTY,04/02/2026,05/11/2026,1,10046.8
332,HR-26-GH-0568,5,COMPREHENSIVE,11/07/2026,10/03/2027,1,11581.36
333,DL-05-CD-0046,2,COMPREHENSIVE,05/01/2026,18/01/2027,1,14254.69
334,DL-05-GH-0141,5,THIRD_PARTY,24/04/2026,20/08/2027,1,17793.41
335,MH-12-GH-0387,3,COMPREHENSIVE,12/07/2026,28/05/2027,1,14318.9
336,UP-16-CD-0296,3,THIRD_PARTY,21/03/2026,13/07/2027,1,14746.14
337,HR-26-GH-0199,1,THIRD_PARTY,18/07/2026,04/03/2027,1,10788.12
338,MH-12-IJ-0389,5,COMPREHENSIVE,29/01/2026,18/05/2027,1,8941.68
339,DL-01-EF-0586,5,COMPREHENSIVE,15/02/2026,06/01/2027,1,10924.84
340,DL-01-EF-0303,4,COMPREHENSIVE,21/01/2026,05/04/2027,1,13791.55
341,DL-01-AB-0295,4,COMPREHENSIVE,12/02/2026,10/06/2027,1,11800.75
342,HR-26-EF-0083,2,THIRD_PARTY,11/06/2026,23/02/2027,1,9873.6
343,MH-12-EF-0228,5,COMPREHENSIVE,01/04/2026,19/02/2027,1,4711.97
344,HR-26-GH-0100,4,THIRD_PARTY,20/05/2026,13/11/2026,1,9167.2
345,DL-05-GH-0580,3,THIRD_PARTY,29/03/2026,05/08/2027,1,11069.94
346,DL-01-GH-0065,1,THIRD_PARTY,08/04/2026,11/07/2027,1,4170.17
347,HR-26-AB-0477,1,THIRD_PARTY,21/02/2026,28/11/2026,1,9263.53
348,MH-12-AB-0009,5,COMPREHENSIVE,02/06/2026,09/04/2027,1,10567.01
349,MH-12-AB-0111,5,COMPREHENSIVE,23/04/2026,27/11/2026,1,8229.7
350,DL-05-AB-0342,1,COMPREHENSIVE,10/03/2026,08/04/2027,1,12305.81
351,DL-01-EF-0460,4,THIRD_PARTY,13/12/2025,06/08/2027,1,5433.82
352,DL-05-AB-0241,5,COMPREHENSIVE,14/11/2025,07/04/2027,1,3630.05
353,DL-01-AB-0189,1,THIRD_PARTY,12/05/2026,25/07/2027,1,12072.29
354,MH-12-GH-0358,4,COMPREHENSIVE,04/03/2026,24/01/2027,1,3936.77
355,DL-05-CD-0536,5,THIRD_PARTY,26/06/2026,07/03/2027,1,12672.59
356,HR-26-GH-0217,1,THIRD_PARTY,11/06/2026,04/03/2027,1,14425.15
357,MH-12-IJ-0066,4,THIRD_PARTY,17/12/2025,09/02/2027,1,7059.94
358,HR-26-EF-0373,5,COMPREHENSIVE,28/01/2026,03/11/2026,1,3756.07
359,MH-12-AB-0537,1,THIRD_PARTY,03/02/2026,28/03/2027,1,4945.28
360,UP-16-IJ-0067,4,THIRD_PARTY,04/05/2026,09/07/2027,1,15254.09
361,DL-01-IJ-0063,4,COMPREHENSIVE,02/02/2026,29/01/2027,1,9795.3
362,DL-05-IJ-0466,1,COMPREHENSIVE,17/12/2025,06/08/2027,1,3919.76
363,HR-26-GH-0411,5,COMPREHENSIVE,20/04/2026,22/08/2027,1,4927.2
364,MH-12-EF-0242,5,COMPREHENSIVE,03/04/2026,08/04/2027,1,4462.67
365,HR-26-CD-0467,2,THIRD_PARTY,13/03/2026,16/01/2027,1,17727.24
366,DL-01-AB-0514,5,COMPREHENSIVE,29/05/2026,31/07/2027,1,3534.04
367,DL-01-AB-0054,4,COMPREHENSIVE,12/04/2026,16/08/2027,1,14538.79
368,HR-26-IJ-0236,4,THIRD_PARTY,21/01/2026,07/11/2026,1,12266.88
369,MH-12-GH-0275,3,COMPREHENSIVE,22/02/2026,05/05/2027,1,7784.66
370,DL-01-GH-0584,3,THIRD_PARTY,24/07/2026,28/03/2027,1,9385.83
371,HR-26-AB-0106,4,THIRD_PARTY,27/07/2026,28/06/2027,1,13867.59
372,HR-26-IJ-0175,4,COMPREHENSIVE,04/04/2026,12/08/2027,1,8195.93
373,UP-16-EF-0140,3,THIRD_PARTY,08/02/2026,30/12/2026,1,14012.93
374,DL-01-AB-0053,3,THIRD_PARTY,12/03/2026,21/07/2027,1,13934.16
375,MH-12-EF-0028,5,COMPREHENSIVE,14/04/2026,22/05/2027,1,10879.67
376,UP-16-GH-0380,1,COMPREHENSIVE,17/01/2026,20/03/2027,1,5985.13
377,MH-12-CD-0476,1,COMPREHENSIVE,20/11/2025,09/06/2027,1,7890.31
378,DL-05-CD-0036,5,COMPREHENSIVE,10/07/2026,24/04/2027,1,16726.35
379,HR-26-AB-0154,3,COMPREHENSIVE,16/06/2026,28/06/2027,1,15313.34
380,DL-05-CD-0436,1,THIRD_PARTY,14/11/2025,06/04/2027,1,4057.6
381,UP-16-EF-0173,5,COMPREHENSIVE,13/12/2025,15/12/2026,1,3594.35
382,DL-05-CD-0032,3,COMPREHENSIVE,02/04/2026,11/07/2027,1,12244.16
383,DL-01-EF-0437,1,THIRD_PARTY,17/06/2026,15/05/2027,1,7011.71
384,DL-01-GH-0578,5,COMPREHENSIVE,17/12/2025,15/12/2026,1,14510.81
385,DL-01-EF-0297,3,COMPREHENSIVE,24/12/2025,03/02/2027,1,13026.05
386,DL-01-EF-0243,4,COMPREHENSIVE,13/11/2025,21/11/2026,1,16857.17
387,MH-12-AB-0435,2,THIRD_PARTY,05/03/2026,13/08/2027,1,16582.2
388,MH-12-AB-0323,5,COMPREHENSIVE,22/06/2026,16/06/2027,1,3546.39
389,DL-05-CD-0183,4,THIRD_PARTY,31/07/2026,21/06/2027,1,10528.04
390,MH-12-AB-0110,1,COMPREHENSIVE,23/06/2026,09/11/2026,1,14177.27
391,MH-12-CD-0319,4,THIRD_PARTY,10/04/2026,06/11/2026,1,3594.82
392,MH-12-EF-0569,1,COMPREHENSIVE,25/04/2026,27/07/2027,1,3924.79
393,UP-16-IJ-0041,4,COMPREHENSIVE,19/01/2026,26/06/2027,1,7873.75
394,HR-26-IJ-0472,1,THIRD_PARTY,03/07/2026,31/07/2027,1,15347.65
395,MH-12-IJ-0215,1,THIRD_PARTY,14/07/2026,31/07/2027,1,4785.22
396,DL-05-IJ-0388,4,COMPREHENSIVE,04/07/2026,27/05/2027,1,17391.29
397,DL-05-EF-0144,4,COMPREHENSIVE,15/01/2026,07/07/2027,1,12092.13
398,HR-26-IJ-0369,4,COMPREHENSIVE,29/05/2026,29/08/2027,1,9196.89
399,DL-01-EF-0557,5,COMPREHENSIVE,24/01/2026,13/07/2027,1,5588.25
400,DL-05-GH-0465,3,THIRD_PARTY,19/05/2026,01/08/2027,1,17777.87
401,DL-01-AB-0570,2,COMPREHENSIVE,26/03/2026,02/01/2027,1,4723.06
402,MH-12-EF-0525,3,COMPREHENSIVE,02/08/2026,14/03/2027,1,3583.11
403,MH-12-AB-0224,5,COMPREHENSIVE,17/11/2025,03/11/2026,1,4626.57
404,DL-05-GH-0059,1,THIRD_PARTY,29/11/2025,03/05/2027,1,5298.42
405,MH-12-CD-0390,3,COMPREHENSIVE,17/06/2026,19/06/2027,1,17283.22
406,UP-16-GH-0492,1,THIRD_PARTY,07/03/2026,04/08/2027,1,3852.75
407,DL-01-IJ-0548,4,COMPREHENSIVE,29/11/2025,26/06/2027,1,15785.66
408,HR-26-AB-0553,3,COMPREHENSIVE,15/05/2026,23/12/2026,1,5402.96
409,DL-01-AB-0001,3,COMPREHENSIVE,30/03/2026,10/03/2027,1,13215.2
410,HR-26-AB-0550,5,THIRD_PARTY,29/06/2026,01/09/2027,1,8488.57
411,DL-05-AB-0325,4,THIRD_PARTY,02/02/2026,19/06/2027,1,17306.82
412,DL-05-AB-0074,1,THIRD_PARTY,25/11/2025,25/05/2027,1,4463.15
413,DL-05-IJ-0427,5,THIRD_PARTY,05/02/2026,01/09/2027,1,10736.15
414,MH-12-AB-0087,4,COMPREHENSIVE,03/01/2026,02/03/2027,1,14126.09
415,MH-12-GH-0595,1,THIRD_PARTY,24/03/2026,29/12/2026,1,5108.09
416,DL-05-GH-0166,2,THIRD_PARTY,09/02/2026,20/02/2027,1,7603.69
417,DL-05-GH-0112,1,COMPREHENSIVE,03/06/2026,09/08/2027,1,7689.05
418,MH-12-CD-0137,2,COMPREHENSIVE,26/12/2025,13/06/2027,1,13219.11
419,MH-12-AB-0079,1,THIRD_PARTY,15/11/2025,22/04/2027,1,13960.55
420,HR-26-EF-0556,4,THIRD_PARTY,16/02/2026,08/02/2027,1,5043.2
421,HR-26-GH-0233,5,THIRD_PARTY,15/04/2026,23/02/2027,1,3743.37
422,DL-05-CD-0292,3,THIRD_PARTY,31/01/2026,02/09/2027,1,12788.24
423,HR-26-EF-0378,5,COMPREHENSIVE,23/07/2026,15/03/2027,1,4769.23
424,DL-05-GH-0206,4,COMPREHENSIVE,04/05/2026,16/04/2027,1,15598.21
425,MH-12-EF-0432,5,COMPREHENSIVE,05/07/2026,05/02/2027,1,12021.0
426,HR-26-CD-0021,1,THIRD_PARTY,17/11/2025,08/03/2027,1,4231.15
427,MH-12-EF-0452,5,COMPREHENSIVE,23/11/2025,06/01/2027,1,16905.36
428,UP-16-AB-0459,3,COMPREHENSIVE,06/06/2026,01/03/2027,1,13620.7
429,HR-26-EF-0479,1,COMPREHENSIVE,18/12/2025,27/07/2027,1,6384.3
430,UP-16-GH-0049,1,COMPREHENSIVE,21/04/2026,26/01/2027,1,9325.07
431,DL-01-CD-0163,4,THIRD_PARTY,13/06/2026,30/07/2027,1,3886.73
432,MH-12-AB-0196,3,COMPREHENSIVE,06/12/2025,03/05/2027,1,12327.98
433,UP-16-GH-0168,2,COMPREHENSIVE,25/04/2026,16/07/2027,1,14166.99
434,DL-05-CD-0210,3,COMPREHENSIVE,04/01/2026,12/03/2027,1,12961.7
435,UP-16-CD-0589,5,COMPREHENSIVE,03/12/2025,05/04/2027,1,13855.24
436,UP-16-AB-0521,4,COMPREHENSIVE,20/12/2025,07/03/2027,1,16247.8
437,HR-26-GH-0415,5,THIRD_PARTY,13/06/2026,23/04/2027,1,4985.36
438,DL-05-IJ-0016,1,THIRD_PARTY,15/05/2026,24/08/2027,1,3853.61
439,MH-12-IJ-0225,4,COMPREHENSIVE,03/06/2026,08/05/2027,1,14797.02
440,HR-26-CD-0329,1,THIRD_PARTY,28/04/2026,15/04/2027,1,10887.24
441,UP-16-IJ-0561,3,THIRD_PARTY,15/05/2026,21/05/2027,1,6433.67
442,HR-26-EF-0594,3,COMPREHENSIVE,30/05/2026,02/09/2027,1,8066.89
443,DL-01-CD-0245,5,THIRD_PARTY,15/12/2025,07/05/2027,1,12434.64
444,DL-05-GH-0027,2,THIRD_PARTY,16/02/2026,08/06/2027,1,17365.47
445,MH-12-GH-0593,2,COMPREHENSIVE,08/01/2026,17/02/2027,1,4879.1
446,UP-16-AB-0506,5,COMPREHENSIVE,08/02/2026,21/12/2026,1,12031.09
447,UP-16-GH-0545,4,COMPREHENSIVE,29/03/2026,30/03/2027,1,8591.41
448,DL-01-CD-0064,2,COMPREHENSIVE,22/11/2025,16/03/2027,1,15075.8
449,UP-16-CD-0223,2,THIRD_PARTY,12/04/2026,25/04/2027,1,16458.5
450,HR-26-GH-0058,3,THIRD_PARTY,21/07/2026,23/07/2027,1,12704.23
451,DL-05-AB-0501,4,COMPREHENSIVE,05/06/2026,06/11/2026,1,12383.68
452,MH-12-CD-0038,4,COMPREHENSIVE,19/05/2026,06/07/2027,1,11381.04
453,DL-01-GH-0119,2,COMPREHENSIVE,15/03/2026,02/04/2027,1,7651.85
454,DL-01-IJ-0426,5,COMPREHENSIVE,24/04/2026,23/04/2027,1,4824.14
455,DL-01-GH-0176,4,COMPREHENSIVE,29/03/2026,01/12/2026,1,14468.11
456,HR-26-GH-0230,4,COMPREHENSIVE,31/01/2026,19/05/2027,1,13498.27
457,HR-26-AB-0330,5,COMPREHENSIVE,24/07/2026,16/11/2026,1,5785.72
458,HR-26-GH-0161,1,THIRD_PARTY,06/12/2025,19/07/2027,1,10571.51
459,HR-26-EF-0101,2,THIRD_PARTY,13/01/2026,26/05/2027,1,9735.02
460,UP-16-CD-0120,4,COMPREHENSIVE,05/03/2026,11/01/2027,1,6833.27
461,UP-16-CD-0202,3,COMPREHENSIVE,08/12/2025,27/02/2027,1,7281.76
462,HR-26-EF-0382,4,THIRD_PARTY,20/11/2025,05/07/2027,1,13315.23
463,MH-12-IJ-0528,3,THIRD_PARTY,21/07/2026,13/02/2027,1,6579.74
464,DL-05-CD-0386,1,THIRD_PARTY,30/03/2026,25/04/2027,1,10013.62
465,HR-26-CD-0475,2,THIRD_PARTY,14/05/2026,20/11/2026,1,14189.47
466,MH-12-GH-0458,5,COMPREHENSIVE,08/04/2026,31/01/2027,1,15834.81
467,DL-05-CD-0155,1,THIRD_PARTY,19/01/2026,16/01/2027,1,4271.2
468,DL-01-AB-0270,4,THIRD_PARTY,13/07/2026,13/05/2027,1,7057.67
469,DL-05-AB-0167,4,THIRD_PARTY,14/07/2026,08/01/2027,1,8049.43
470,UP-16-IJ-0508,2,THIRD_PARTY,05/07/2026,05/05/2027,1,14249.11
471,DL-05-GH-0505,2,THIRD_PARTY,03/04/2026,07/04/2027,1,9717.99
472,UP-16-EF-0057,1,COMPREHENSIVE,23/05/2026,26/01/2027,1,4244.37
473,DL-01-AB-0123,4,COMPREHENSIVE,27/02/2026,06/03/2027,1,16406.27
474,UP-16-IJ-0488,4,COMPREHENSIVE,30/05/2026,18/08/2027,1,4397.41
475,MH-12-EF-0397,3,COMPREHENSIVE,25/04/2026,10/03/2027,1,13263.45
476,DL-05-GH-0237,3,THIRD_PARTY,24/11/2025,26/04/2027,1,11810.04
477,UP-16-GH-0060,4,COMPREHENSIVE,18/03/2026,17/05/2027,1,14441.06
478,HR-26-GH-0468,5,COMPREHENSIVE,30/11/2025,14/12/2026,1,17562.73
479,UP-16-CD-0464,2,THIRD_PARTY,26/11/2025,15/02/2027,1,9062.96
480,UP-16-IJ-0535,5,THIRD_PARTY,26/06/2026,05/03/2027,1,16366.71
481,UP-16-CD-0392,4,COMPREHENSIVE,22/12/2025,21/03/2027,1,5364.79
482,MH-12-GH-0265,4,THIRD_PARTY,29/06/2026,18/07/2027,1,12733.94
483,DL-01-EF-0581,3,COMPREHENSIVE,27/11/2025,02/05/2027,1,10951.54
484,DL-05-CD-0306,3,THIRD_PARTY,14/01/2026,02/01/2027,1,3509.33
485,HR-26-AB-0394,1,THIRD_PARTY,25/05/2026,23/08/2027,1,14694.95
486,HR-26-GH-0345,4,COMPREHENSIVE,19/05/2026,22/01/2027,1,9388.05
487,UP-16-CD-0023,5,THIRD_PARTY,15/03/2026,07/06/2027,1,12991.57
488,DL-01-IJ-0447,4,THIRD_PARTY,05/06/2026,25/11/2026,1,4381.31
489,MH-12-EF-0585,4,THIRD_PARTY,08/04/2026,30/04/2027,1,15169.13
490,MH-12-CD-0428,5,THIRD_PARTY,03/02/2026,22/08/2027,1,14158.46
491,UP-16-GH-0317,5,COMPREHENSIVE,14/07/2026,16/02/2027,1,8471.58
492,DL-05-CD-0160,3,COMPREHENSIVE,13/12/2025,13/06/2027,1,10770.29
493,UP-16-AB-0171,2,COMPREHENSIVE,09/11/2025,01/06/2027,1,14827.11
494,DL-05-EF-0308,3,THIRD_PARTY,20/05/2026,11/02/2027,1,13265.05
495,HR-26-GH-0035,5,THIRD_PARTY,20/02/2026,14/08/2027,1,5918.53
496,UP-16-AB-0405,3,COMPREHENSIVE,10/05/2026,29/08/2027,1,7490.96
497,DL-01-IJ-0555,1,THIRD_PARTY,08/06/2026,20/04/2027,1,7844.28
498,DL-05-CD-0509,2,COMPREHENSIVE,04/05/2026,08/12/2026,1,15058.47
499,DL-01-IJ-0142,3,THIRD_PARTY,13/12/2025,24/06/2027,1,17679.83
500,HR-26-CD-0489,4,THIRD_PARTY,08/07/2026,20/01/2027,1,17078.53
501,DL-01-GH-0076,4,COMPREHENSIVE,17/03/2026,04/12/2026,1,7267.24
502,HR-26-AB-0597,1,THIRD_PARTY,19/02/2026,01/03/2027,1,12670.63
503,UP-16-IJ-0480,4,COMPREHENSIVE,16/12/2025,14/12/2026,1,9312.39
504,HR-26-GH-0037,3,THIRD_PARTY,28/05/2026,07/05/2027,1,5684.95
505,UP-16-GH-0320,4,THIRD_PARTY,13/06/2026,17/12/2026,1,13483.26
506,HR-26-IJ-0401,4,THIRD_PARTY,11/11/2025,02/02/2027,1,17993.29
507,DL-05-CD-0440,4,COMPREHENSIVE,21/01/2026,06/01/2027,1,5528.24
508,UP-16-CD-0391,4,COMPREHENSIVE,12/06/2026,23/12/2026,1,16500.35
509,UP-16-CD-0355,2,COMPREHENSIVE,11/11/2025,18/05/2027,1,14970.47
510,DL-01-GH-0055,3,COMPREHENSIVE,17/11/2025,22/01/2027,1,16925.53
511,HR-26-EF-0071,1,COMPREHENSIVE,09/07/2026,13/12/2026,1,15530.21
512,HR-26-IJ-0532,4,THIRD_PARTY,03/06/2026,26/12/2026,1,6065.48
513,DL-01-GH-0138,2,COMPREHENSIVE,08/01/2026,30/12/2026,1,13008.38
514,UP-16-EF-0433,3,COMPREHENSIVE,20/01/2026,22/11/2026,1,16118.28
515,HR-26-AB-0559,2,COMPREHENSIVE,28/07/2026,22/01/2027,1,5921.63
516,DL-05-AB-0108,4,COMPREHENSIVE,07/05/2026,20/06/2027,1,14846.33
517,DL-01-GH-0068,4,THIRD_PARTY,29/05/2026,23/11/2026,1,9117.29
518,MH-12-EF-0216,1,COMPREHENSIVE,11/05/2026,11/05/2027,1,7557.56
519,DL-05-CD-0450,4,THIRD_PARTY,28/12/2025,11/02/2027,1,7591.72
520,DL-05-CD-0127,2,THIRD_PARTY,04/03/2026,11/05/2027,1,13017.62
521,UP-16-GH-0193,2,COMPREHENSIVE,03/02/2026,29/01/2027,1,5596.28
522,MH-12-CD-0487,4,THIRD_PARTY,04/05/2026,21/08/2027,1,11600.1
523,HR-26-GH-0204,5,THIRD_PARTY,13/01/2026,24/06/2027,1,6644.26
524,DL-05-GH-0362,3,COMPREHENSIVE,16/03/2026,28/08/2027,1,11699.5
525,DL-01-AB-0318,1,COMPREHENSIVE,08/06/2026,07/12/2026,1,5437.86
526,MH-12-IJ-0082,3,THIRD_PARTY,16/04/2026,02/04/2027,1,13753.57
527,DL-05-GH-0258,3,THIRD_PARTY,29/04/2026,09/05/2027,1,4614.04
528,HR-26-GH-0139,5,THIRD_PARTY,24/07/2026,13/08/2027,1,14366.44
529,DL-01-GH-0157,1,COMPREHENSIVE,12/02/2026,26/04/2027,1,4135.7
530,DL-05-EF-0148,3,THIRD_PARTY,30/12/2025,01/04/2027,1,4025.4
531,DL-01-AB-0147,5,COMPREHENSIVE,03/12/2025,23/04/2027,1,9307.72
532,HR-26-IJ-0496,2,COMPREHENSIVE,04/12/2025,27/07/2027,1,12580.38
533,UP-16-IJ-0011,5,THIRD_PARTY,03/07/2026,24/12/2026,1,12868.14
534,UP-16-GH-0368,3,THIRD_PARTY,27/03/2026,20/04/2027,1,4831.81
535,DL-05-CD-0442,5,THIRD_PARTY,28/07/2026,25/05/2027,1,12715.46
536,DL-05-AB-0273,4,COMPREHENSIVE,20/04/2026,26/12/2026,1,9404.33
537,MH-12-GH-0284,4,COMPREHENSIVE,07/05/2026,08/11/2026,1,7835.07
538,MH-12-AB-0178,2,THIRD_PARTY,02/03/2026,18/02/2027,1,10318.34
539,DL-05-EF-0463,4,COMPREHENSIVE,04/02/2026,19/03/2027,1,8829.16
540,DL-05-CD-0540,3,COMPREHENSIVE,31/07/2026,12/01/2027,1,12489.57
541,MH-12-IJ-0205,1,COMPREHENSIVE,02/12/2025,15/02/2027,1,8837.5
542,MH-12-AB-0408,1,COMPREHENSIVE,06/12/2025,16/02/2027,1,9457.06
543,DL-01-CD-0513,4,COMPREHENSIVE,14/02/2026,22/04/2027,1,11551.36
544,DL-05-GH-0448,3,THIRD_PARTY,10/07/2026,03/02/2027,1,15046.18
545,DL-01-IJ-0289,2,COMPREHENSIVE,23/06/2026,03/01/2027,1,9730.58
546,UP-16-CD-0592,5,COMPREHENSIVE,29/01/2026,01/02/2027,1,15285.31
547,MH-12-EF-0153,3,COMPREHENSIVE,21/05/2026,05/12/2026,1,4743.41
548,DL-01-CD-0354,4,THIRD_PARTY,15/03/2026,10/05/2027,1,14373.96
549,DL-01-GH-0033,3,COMPREHENSIVE,21/04/2026,09/02/2027,1,16343.15
550,DL-01-GH-0439,4,COMPREHENSIVE,08/01/2026,15/05/2027,1,6519.38
551,MH-12-AB-0424,2,THIRD_PARTY,20/12/2025,26/03/2027,1,11412.31
552,MH-12-EF-0543,2,COMPREHENSIVE,03/08/2026,01/01/2027,1,6303.42
553,DL-05-IJ-0150,5,THIRD_PARTY,30/07/2026,04/08/2027,1,7603.63
554,HR-26-CD-0312,5,COMPREHENSIVE,04/02/2026,20/06/2027,1,17747.95
555,DL-01-CD-0533,3,COMPREHENSIVE,13/07/2026,05/12/2026,1,15715.44
556,UP-16-AB-0529,4,COMPREHENSIVE,16/02/2026,17/04/2027,1,10400.46
557,DL-05-EF-0461,3,COMPREHENSIVE,21/07/2026,13/04/2027,1,16166.45
558,HR-26-CD-0483,3,COMPREHENSIVE,10/02/2026,18/07/2027,1,6853.8
559,DL-01-GH-0261,3,THIRD_PARTY,23/05/2026,02/05/2027,1,9262.7
560,DL-01-IJ-0398,3,THIRD_PARTY,04/03/2026,02/12/2026,1,11847.81
561,DL-01-AB-1234,1,COMPREHENSIVE,15/01/2026,14/01/2027,1,12500.0
562,DL-05-CD-9876,4,THIRD_PARTY,01/01/2025,10/06/2026,0,4500.0
563,HR-26-EF-4455,2,COMPREHENSIVE,01/01/2026,31/12/2026,1,15000.0
564,UP-16-GH-1122,5,COMPREHENSIVE,20/03/2026,19/03/2027,1,11000.0
