cert_no,regn_number,valid_upto,tested_at,emission_norm
PUC-2026-100,MH12CD0056,2026-07-16,North Delhi Testing,BS-IV
PUC-2026-101,UP16AB0459,2027-01-25,North Delhi Testing,BS-VI
PUC-2026-102,MH12GH0275,2026-05-30,Gurugram Auto Hub,BS-VI
PUC-2026-103,UP16GH0320,2027-06-07,South Delhi Center,BS-VI
PUC-2026-104,UP16CD0162,2026-09-07,South Delhi Center,BS-IV
PUC-2026-105,DL05CD0047,2026-09-04,Noida Inspection Point,BS-IV
PUC-2026-106,UP16CD0495,2027-06-03,North Delhi Testing,BS-VI
PUC-2026-107,DL05CD0160,2027-06-22,South Delhi Center,BS-IV
PUC-2026-108,DL05CD0421,2026-12-22,South Delhi Center,BS-VI
PUC-2026-109,HR26EF0083,2026-05-29,Noida Inspection Point,BS-IV
PUC-2026-110,UP16AB0405,2026-10-12,South Delhi Center,BS-IV
PUC-2026-111,MH12AB0185,2027-02-15,Gurugram Auto Hub,BS-VI
PUC-2026-112,DL05CD0032,2026-11-24,South Delhi Center,BS-VI
PUC-2026-113,HR26GH0217,2027-05-23,North Delhi Testing,BS-IV
PUC-2026-114,MH12GH0069,2026-12-14,Gurugram Auto Hub,BS-IV
PUC-2026-115,HR26IJ0534,2027-04-19,North Delhi Testing,BS-VI
PUC-2026-116,DL01EF0498,2026-08-13,South Delhi Center,BS-VI
PUC-2026-117,MH12CD0181,2026-09-13,North Delhi Testing,BS-IV
PUC-2026-118,DL01CD0102,2026-09-14,North Delhi Testing,BS-IV
PUC-2026-119,DL01AB0001,2027-04-04,Gurugram Auto Hub,BS-VI
PUC-2026-120,MH12CD0372,2026-10-06,North Delhi Testing,BS-IV
PUC-2026-121,DL05CD0450,2027-05-17,South Delhi Center,BS-IV
PUC-2026-122,HR26CD0085,2026-08-29,North Delhi Testing,BS-VI
PUC-2026-123,HR26CD0302,2026-07-21,North Delhi Testing,BS-VI
PUC-2026-124,HR26AB0477,2026-11-15,North Delhi Testing,BS-IV
PUC-2026-125,UP16EF0173,2027-03-20,North Delhi Testing,BS-VI
PUC-2026-126,DL01CD0172,2027-02-20,North Delhi Testing,BS-VI
PUC-2026-127,DL01IJ0431,2026-09-30,Noida Inspection Point,BS-VI
PUC-2026-128,DL05CD0306,2026-08-31,North Delhi Testing,BS-IV
PUC-2026-129,DL05GH0448,2027-06-09,South Delhi Center,BS-VI
PUC-2026-130,MH12GH0504,2027-01-06,North Delhi Testing,BS-VI
PUC-2026-131,DL01IJ0565,2026-05-29,Gurugram Auto Hub,BS-IV
PUC-2026-132,UP16CD0219,2027-06-11,Gurugram Auto Hub,BS-VI
PUC-2026-133,MH12EF0344,2026-06-16,Noida Inspection Point,BS-VI
PUC-2026-134,HR26EF0364,2027-04-02,North Delhi Testing,BS-VI
PUC-2026-135,DL01AB0118,2027-06-03,Noida Inspection Point,BS-IV
PUC-2026-136,DL01AB0270,2026-11-12,Noida Inspection Point,BS-VI
PUC-2026-137,DL05AB0244,2026-11-16,Gurugram Auto Hub,BS-VI
PUC-2026-138,DL01GH0134,2026-07-30,Noida Inspection Point,BS-VI
PUC-2026-139,UP16AB0529,2027-06-13,Gurugram Auto Hub,BS-IV
PUC-2026-140,DL01AB0359,2026-11-23,Gurugram Auto Hub,BS-IV
PUC-2026-141,UP16IJ0067,2027-04-27,South Delhi Center,BS-VI
PUC-2026-142,DL05EF0316,2027-01-11,Gurugram Auto Hub,BS-VI
PUC-2026-143,MH12IJ0336,2027-05-15,Noida Inspection Point,BS-VI
PUC-2026-144,MH12IJ0389,2027-02-08,South Delhi Center,BS-IV
PUC-2026-145,DL05IJ0539,2026-12-21,Gurugram Auto Hub,BS-IV
PUC-2026-146,DL01EF0098,2026-09-15,South Delhi Center,BS-VI
PUC-2026-147,HR26GH0204,2026-09-21,South Delhi Center,BS-VI
PUC-2026-148,HR26CD0096,2026-05-30,North Delhi Testing,BS-VI
PUC-2026-149,HR26GH0161,2026-09-08,North Delhi Testing,BS-IV
PUC-2026-150,HR26EF0382,2027-06-22,South Delhi Center,BS-VI
PUC-2026-151,HR26EF0315,2027-03-14,North Delhi Testing,BS-IV
PUC-2026-152,MH12CD0390,2027-05-16,Noida Inspection Point,BS-VI
PUC-2026-153,MH12CD0319,2027-01-24,North Delhi Testing,BS-IV
PUC-2026-154,HR26GH0136,2027-06-27,Gurugram Auto Hub,BS-IV
PUC-2026-155,DL01IJ0548,2027-02-28,South Delhi Center,BS-IV
PUC-2026-156,UP16AB0090,2027-03-01,Gurugram Auto Hub,BS-VI
PUC-2026-157,MH12GH0051,2026-11-16,Noida Inspection Point,BS-VI
PUC-2026-158,UP16IJ0512,2026-08-03,South Delhi Center,BS-VI
PUC-2026-159,HR26IJ0560,2027-01-01,South Delhi Center,BS-IV
PUC-2026-160,DL01GH0590,2026-06-20,Gurugram Auto Hub,BS-VI
PUC-2026-161,DL01IJ0305,2026-08-11,Noida Inspection Point,BS-VI
PUC-2026-162,MH12IJ0311,2026-11-03,South Delhi Center,BS-IV
PUC-2026-163,HR26CD0186,2026-08-25,Noida Inspection Point,BS-VI
PUC-2026-164,DL01AB0377,2026-11-03,Gurugram Auto Hub,BS-IV
PUC-2026-165,DL05GH0497,2027-05-28,North Delhi Testing,BS-IV
PUC-2026-166,UP16IJ0430,2027-05-10,South Delhi Center,BS-VI
PUC-2026-167,UP16GH0453,2026-06-24,Gurugram Auto Hub,BS-VI
PUC-2026-168,HR26GH0035,2026-12-14,Noida Inspection Point,BS-VI
PUC-2026-169,HR26CD0483,2027-04-20,Gurugram Auto Hub,BS-VI
PUC-2026-170,DL05GH0112,2026-06-17,South Delhi Center,BS-VI
PUC-2026-171,HR26CD0300,2027-01-20,North Delhi Testing,BS-IV
PUC-2026-172,MH12GH0573,2027-03-22,South Delhi Center,BS-VI
PUC-2026-173,HR26GH0058,2027-04-27,South Delhi Center,BS-VI
PUC-2026-174,HR26AB0251,2026-06-02,North Delhi Testing,BS-VI
PUC-2026-175,MH12GH0593,2027-01-09,North Delhi Testing,BS-VI
PUC-2026-176,UP16AB0113,2026-09-22,Noida Inspection Point,BS-VI
PUC-2026-177,UP16EF0546,2027-06-18,South Delhi Center,BS-IV
PUC-2026-178,MH12CD0356,2027-07-01,South Delhi Center,BS-IV
PUC-2026-179,HR26EF0014,2027-06-03,North Delhi Testing,BS-IV
PUC-2026-180,UP16GH0105,2027-06-26,Gurugram Auto Hub,BS-IV
PUC-2026-181,MH12IJ0082,2027-05-28,South Delhi Center,BS-VI
PUC-2026-182,HR26IJ0441,2027-03-09,South Delhi Center,BS-VI
PUC-2026-183,DL05AB0012,2027-05-18,South Delhi Center,BS-IV
PUC-2026-184,HR26AB0454,2027-01-19,Gurugram Auto Hub,BS-VI
PUC-2026-185,DL05AB0342,2027-02-10,South Delhi Center,BS-IV
PUC-2026-186,MH12CD0410,2027-05-21,Gurugram Auto Hub,BS-VI
PUC-2026-187,UP16CD0486,2027-02-17,Noida Inspection Point,BS-VI
PUC-2026-188,DL05EF0025,2026-08-11,Noida Inspection Point,BS-IV
PUC-2026-189,DL01GH0261,2026-10-30,Noida Inspection Point,BS-VI
PUC-2026-190,MH12GH0265,2026-10-05,Noida Inspection Point,BS-IV
PUC-2026-191,DL05GH0208,2026-12-18,South Delhi Center,BS-IV
PUC-2026-192,MH12GH0595,2026-09-25,South Delhi Center,BS-VI
PUC-2026-193,UP16AB0363,2027-06-20,Noida Inspection Point,BS-IV
PUC-2026-194,UP16AB0521,2026-12-05,South Delhi Center,BS-IV
PUC-2026-195,MH12AB0079,2026-12-20,Gurugram Auto Hub,BS-IV
PUC-2026-196,DL05CD0282,2027-05-06,North Delhi Testing,BS-IV
PUC-2026-197,DL05AB0338,2026-06-10,North Delhi Testing,BS-VI
PUC-2026-198,DL05GH0507,2026-08-27,North Delhi Testing,BS-VI
PUC-2026-199,UP16GH0049,2027-02-15,Gurugram Auto Hub,BS-IV
PUC-2026-200,UP16AB0484,2026-07-03,Gurugram Auto Hub,BS-IV
PUC-2026-201,UP16GH0304,2026-06-28,South Delhi Center,BS-IV
PUC-2026-202,DL01EF0159,2027-01-11,South Delhi Center,BS-VI
PUC-2026-203,HR26GH0091,2026-07-26,Noida Inspection Point,BS-IV
PUC-2026-204,UP16AB0268,2026-06-15,South Delhi Center,BS-IV
PUC-2026-205,DL01GH0119,2026-10-15,North Delhi Testing,BS-VI
PUC-2026-206,MH12EF0216,2027-03-29,South Delhi Center,BS-VI
PUC-2026-207,MH12EF0569,2026-10-27,Noida Inspection Point,BS-IV
PUC-2026-208,UP16AB0361,2027-05-28,Noida Inspection Point,BS-IV
PUC-2026-209,UP16CD0296,2027-02-04,South Delhi Center,BS-VI
PUC-2026-210,UP16AB0353,2026-07-05,North Delhi Testing,BS-IV
PUC-2026-211,DL01EF0349,2027-01-31,North Delhi Testing,BS-VI
PUC-2026-212,DL05CD0046,2027-04-21,South Delhi Center,BS-IV
PUC-2026-213,UP16CD0365,2027-04-25,North Delhi Testing,BS-VI
PUC-2026-214,UP16AB0434,2026-12-06,Noida Inspection Point,BS-IV
PUC-2026-215,MH12EF0248,2027-03-05,North Delhi Testing,BS-IV
PUC-2026-216,DL05IJ0388,2026-07-05,South Delhi Center,BS-IV
PUC-2026-217,DL05GH0362,2027-01-15,North Delhi Testing,BS-IV
PUC-2026-218,DL01CD0245,2027-03-03,South Delhi Center,BS-IV
PUC-2026-219,HR26EF0556,2027-01-05,Gurugram Auto Hub,BS-IV
PUC-2026-220,HR26CD0021,2026-06-05,Noida Inspection Point,BS-IV
PUC-2026-221,UP16EF0179,2027-01-29,North Delhi Testing,BS-VI
PUC-2026-222,DL01IJ0555,2027-04-27,Gurugram Auto Hub,BS-IV
PUC-2026-223,DL01IJ0043,2027-04-26,Noida Inspection Point,BS-IV
PUC-2026-224,DL05GH0263,2026-05-27,South Delhi Center,BS-VI
PUC-2026-225,HR26EF0373,2026-10-06,Noida Inspection Point,BS-VI
PUC-2026-226,UP16GH0368,2027-01-17,North Delhi Testing,BS-IV
PUC-2026-227,DL01EF0303,2026-08-24,North Delhi Testing,BS-IV
PUC-2026-228,MH12AB0110,2026-10-03,North Delhi Testing,BS-VI
PUC-2026-229,UP16EF0057,2026-12-19,North Delhi Testing,BS-IV
PUC-2026-230,MH12GH0458,2026-08-04,Noida Inspection Point,BS-IV
PUC-2026-231,MH12EF0201,2026-11-30,Gurugram Auto Hub,BS-IV
PUC-2026-232,DL05IJ0121,2026-06-04,South Delhi Center,BS-VI
PUC-2026-233,DL01AB0531,2026-10-25,South Delhi Center,BS-VI
PUC-2026-234,DL05CD0462,2026-11-11,North Delhi Testing,BS-VI
PUC-2026-235,DL01AB0371,2026-10-11,South Delhi Center,BS-VI
PUC-2026-236,UP16GH0547,2027-01-02,Noida Inspection Point,BS-VI
PUC-2026-237,UP16CD0209,2026-10-03,South Delhi Center,BS-VI
PUC-2026-238,DL05CD0155,2026-12-16,Noida Inspection Point,BS-VI
PUC-2026-239,DL01AB0189,2027-03-09,South Delhi Center,BS-IV
PUC-2026-240,DL05AB0563,2026-10-18,North Delhi Testing,BS-VI
PUC-2026-241,UP16IJ0425,2026-06-19,South Delhi Center,BS-IV
PUC-2026-242,DL05GH0214,2027-02-13,South Delhi Center,BS-VI
PUC-2026-243,HR26CD0200,2027-03-27,Gurugram Auto Hub,BS-VI
PUC-2026-244,MH12CD0038,2026-08-14,Gurugram Auto Hub,BS-IV
PUC-2026-245,DL01AB0169,2026-12-07,Gurugram Auto Hub,BS-IV
PUC-2026-246,DL05AB0145,2027-06-15,Noida Inspection Point,BS-IV
PUC-2026-247,DL01GH0157,2026-08-28,Noida Inspection Point,BS-VI
PUC-2026-248,UP16AB0171,2027-06-11,Noida Inspection Point,BS-IV
PUC-2026-249,UP16GH0492,2026-12-04,Gurugram Auto Hub,BS-VI
PUC-2026-250,MH12CD0279,2027-01-27,South Delhi Center,BS-VI
PUC-2026-251,DL01CD0163,2026-12-26,South Delhi Center,BS-IV
PUC-2026-252,MH12GH0387,2027-01-11,North Delhi Testing,BS-VI
PUC-2026-253,DL01GH0076,2027-06-28,South Delhi Center,BS-IV
PUC-2026-254,UP16IJ0375,2027-01-17,Gurugram Auto Hub,BS-IV
PUC-2026-255,MH12EF0558,2027-06-04,Noida Inspection Point,BS-VI
PUC-2026-256,HR26IJ0401,2027-06-13,North Delhi Testing,BS-IV
PUC-2026-257,DL01GH0429,2026-11-04,South Delhi Center,BS-IV
PUC-2026-258,HR26CD0026,2026-11-21,Noida Inspection Point,BS-VI
PUC-2026-259,DL01CD0094,2027-04-16,North Delhi Testing,BS-IV
PUC-2026-260,UP16GH0583,2027-02-24,Noida Inspection Point,BS-VI
PUC-2026-261,DL01CD0187,2026-12-17,North Delhi Testing,BS-IV
PUC-2026-262,DL01EF0297,2027-03-10,North Delhi Testing,BS-VI
PUC-2026-263,UP16IJ0360,2026-07-06,North Delhi Testing,BS-VI
PUC-2026-264,UP16EF0433,2026-10-15,South Delhi Center,BS-IV
PUC-2026-265,HR26AB0559,2027-07-01,Noida Inspection Point,BS-IV
PUC-2026-266,DL01GH0419,2026-06-30,South Delhi Center,BS-VI
PUC-2026-267,MH12IJ0417,2026-09-29,South Delhi Center,BS-IV
PUC-2026-268,UP16IJ0376,2026-06-17,Noida Inspection Point,BS-IV
PUC-2026-269,UP16CD0202,2027-06-08,South Delhi Center,BS-VI
PUC-2026-270,MH12AB0456,2026-10-17,South Delhi Center,BS-IV
PUC-2026-271,DL05EF0347,2026-11-23,North Delhi Testing,BS-VI
PUC-2026-272,HR26IJ0322,2027-03-05,Noida Inspection Point,BS-VI
PUC-2026-273,UP16EF0357,2026-12-24,North Delhi Testing,BS-IV
PUC-2026-274,DL01EF0278,2026-12-19,South Delhi Center,BS-IV
PUC-2026-275,DL05IJ0016,2027-02-09,South Delhi Center,BS-IV
PUC-2026-276,MH12AB0009,2026-12-12,North Delhi Testing,BS-VI
PUC-2026-277,DL01IJ0072,2026-11-02,North Delhi Testing,BS-VI
PUC-2026-278,UP16IJ0416,2026-07-17,Noida Inspection Point,BS-IV
PUC-2026-279,HR26AB0409,2026-06-08,South Delhi Center,BS-VI
PUC-2026-280,MH12AB0408,2026-06-29,Noida Inspection Point,BS-IV
PUC-2026-281,UP16CD0120,2027-05-17,Gurugram Auto Hub,BS-IV
PUC-2026-282,DL05EF0132,2027-04-21,Noida Inspection Point,BS-IV
PUC-2026-283,DL01AB0318,2027-04-09,Gurugram Auto Hub,BS-IV
PUC-2026-284,UP16EF0346,2027-03-11,South Delhi Center,BS-IV
PUC-2026-285,HR26IJ0571,2027-03-24,Noida Inspection Point,BS-IV
PUC-2026-286,DL05IJ0029,2027-04-20,Noida Inspection Point,BS-VI
PUC-2026-287,MH12EF0006,2026-09-11,North Delhi Testing,BS-IV
PUC-2026-288,MH12IJ0095,2027-04-30,Gurugram Auto Hub,BS-VI
PUC-2026-289,UP16CD0003,2026-07-01,Gurugram Auto Hub,BS-VI
PUC-2026-290,HR26AB0330,2026-09-06,South Delhi Center,BS-IV
PUC-2026-291,HR26IJ0149,2027-04-22,Gurugram Auto Hub,BS-IV
PUC-2026-292,DL01GH0176,2026-12-18,North Delhi Testing,BS-VI
PUC-2026-293,MH12CD0307,2026-12-03,Gurugram Auto Hub,BS-VI
PUC-2026-294,DL01AB0326,2026-09-30,Gurugram Auto Hub,BS-IV
PUC-2026-295,DL05GH0412,2027-05-05,Gurugram Auto Hub,BS-IV
PUC-2026-296,HR26EF0562,2026-06-01,Noida Inspection Point,BS-VI
PUC-2026-297,MH12AB0178,2026-09-30,North Delhi Testing,BS-IV
PUC-2026-298,HR26EF0576,2027-02-19,Noida Inspection Point,BS-IV
PUC-2026-299,UP16AB0471,2027-06-19,South Delhi Center,BS-IV
PUC-2026-300,DL05IJ0266,2026-12-31,South Delhi Center,BS-VI
PUC-2026-301,HR26IJ0175,2027-05-28,Noida Inspection Point,BS-VI
PUC-2026-302,MH12IJ0257,2027-01-21,North Delhi Testing,BS-VI
PUC-2026-303,UP16CD0170,2026-10-02,South Delhi Center,BS-VI
PUC-2026-304,DL05EF0463,2026-08-09,South Delhi Center,BS-IV
PUC-2026-305,UP16EF0031,2026-07-10,Gurugram Auto Hub,BS-IV
PUC-2026-306,MH12EF0093,2027-03-05,Gurugram Auto Hub,BS-IV
PUC-2026-307,HR26AB0131,2026-10-07,North Delhi Testing,BS-IV
PUC-2026-308,DL01GH0575,2026-10-10,Noida Inspection Point,BS-IV
PUC-2026-309,HR26CD0485,2027-06-13,North Delhi Testing,BS-IV
PUC-2026-310,UP16GH0379,2026-09-06,Noida Inspection Point,BS-VI
PUC-2026-311,DL01CD0533,2027-06-10,Noida Inspection Point,BS-VI
PUC-2026-312,HR26AB0385,2027-05-18,Noida Inspection Point,BS-VI
PUC-2026-313,MH12EF0432,2026-08-07,North Delhi Testing,BS-VI
PUC-2026-314,DL01IJ0182,2026-08-28,Noida Inspection Point,BS-IV
PUC-2026-315,MH12EF0585,2026-07-21,Gurugram Auto Hub,BS-IV
PUC-2026-316,HR26EF0310,2026-09-08,South Delhi Center,BS-IV
PUC-2026-317,DL05GH0465,2027-03-07,Noida Inspection Point,BS-VI
PUC-2026-318,HR26EF0222,2027-04-13,North Delhi Testing,BS-IV
PUC-2026-319,DL01EF0517,2026-06-26,Noida Inspection Point,BS-VI
PUC-2026-320,DL05EF0455,2027-05-11,Noida Inspection Point,BS-VI
PUC-2026-321,MH12IJ0313,2026-08-18,Noida Inspection Point,BS-VI
PUC-2026-322,DL05EF0554,2026-10-14,Gurugram Auto Hub,BS-VI
PUC-2026-323,DL01EF0370,2027-01-07,Noida Inspection Point,BS-IV
PUC-2026-324,UP16AB0254,2027-06-29,Noida Inspection Point,BS-VI
PUC-2026-325,MH12CD0423,2027-02-28,South Delhi Center,BS-IV
PUC-2026-326,DL05IJ0150,2026-07-01,Noida Inspection Point,BS-IV
PUC-2026-327,DL01CD0403,2027-03-09,Noida Inspection Point,BS-IV
PUC-2026-328,HR26IJ0443,2027-01-16,Noida Inspection Point,BS-IV
PUC-2026-329,HR26IJ0369,2026-12-04,Gurugram Auto Hub,BS-VI
PUC-2026-330,DL05GH0018,2026-10-07,South Delhi Center,BS-IV
PUC-2026-331,DL05EF0294,2027-04-27,North Delhi Testing,BS-IV
PUC-2026-332,HR26EF0530,2026-08-09,North Delhi Testing,BS-VI
PUC-2026-333,UP16IJ0488,2026-12-31,Noida Inspection Point,BS-IV
PUC-2026-334,MH12GH0284,2026-11-06,North Delhi Testing,BS-VI
PUC-2026-335,HR26GH0415,2027-06-06,Noida Inspection Point,BS-IV
PUC-2026-336,DL01AB0054,2026-12-29,South Delhi Center,BS-IV
PUC-2026-337,UP16IJ0535,2026-10-10,South Delhi Center,BS-IV
PUC-2026-338,MH12CD0470,2027-05-09,South Delhi Center,BS-IV
PUC-2026-339,UP16EF0301,2027-02-09,North Delhi Testing,BS-IV
PUC-2026-340,MH12AB0092,2026-08-19,Gurugram Auto Hub,BS-VI
PUC-2026-341,DL05CD0036,2026-11-14,Gurugram Auto Hub,BS-IV
PUC-2026-342,DL01AB0285,2027-04-04,South Delhi Center,BS-VI
PUC-2026-343,UP16EF0384,2026-11-30,South Delhi Center,BS-VI
PUC-2026-344,DL05AB0420,2027-02-21,Gurugram Auto Hub,BS-VI
PUC-2026-345,DL05CD0276,2026-12-19,Gurugram Auto Hub,BS-VI
PUC-2026-346,UP16EF0400,2027-03-25,Noida Inspection Point,BS-IV
PUC-2026-347,HR26CD0329,2027-04-13,Gurugram Auto Hub,BS-IV
PUC-2026-348,MH12IJ0238,2026-12-28,North Delhi Testing,BS-VI
PUC-2026-349,DL05AB0241,2026-10-14,South Delhi Center,BS-VI
PUC-2026-350,DL05AB0005,2026-11-21,North Delhi Testing,BS-IV
PUC-2026-351,DL05AB0339,2026-06-04,Noida Inspection Point,BS-VI
PUC-2026-352,DL05IJ0309,2027-01-10,South Delhi Center,BS-VI
PUC-2026-353,MH12GH0286,2026-07-11,Noida Inspection Point,BS-IV
PUC-2026-354,MH12IJ0205,2026-06-15,Gurugram Auto Hub,BS-VI
PUC-2026-355,DL01EF0446,2027-06-30,Gurugram Auto Hub,BS-VI
PUC-2026-356,HR26GH0015,2027-06-13,North Delhi Testing,BS-VI
PUC-2026-357,DL01AB0180,2026-07-17,South Delhi Center,BS-IV
PUC-2026-358,UP16AB0331,2027-02-23,Noida Inspection Point,BS-VI
PUC-2026-359,DL05IJ0252,2026-11-15,South Delhi Center,BS-IV
PUC-2026-360,UP16AB0184,2026-11-06,North Delhi Testing,BS-IV
PUC-2026-361,DL05GH0130,2027-05-28,South Delhi Center,BS-IV
PUC-2026-362,DL01CD0567,2026-09-17,Gurugram Auto Hub,BS-IV
PUC-2026-363,HR26AB0597,2026-07-15,North Delhi Testing,BS-IV
PUC-2026-364,UP16IJ0508,2026-06-20,South Delhi Center,BS-VI
PUC-2026-365,DL01IJ0393,2026-12-15,South Delhi Center,BS-VI
PUC-2026-366,HR26AB0256,2026-11-14,Gurugram Auto Hub,BS-IV
PUC-2026-367,DL01CD0406,2027-03-25,North Delhi Testing,BS-IV
PUC-2026-368,DL01EF0156,2026-05-28,North Delhi Testing,BS-VI
PUC-2026-369,HR26IJ0226,2026-08-20,South Delhi Center,BS-VI
PUC-2026-370,DL05GH0166,2027-06-18,North Delhi Testing,BS-IV
PUC-2026-371,MH12EF0229,2027-02-01,North Delhi Testing,BS-VI
PUC-2026-372,UP16EF0271,2027-01-23,South Delhi Center,BS-IV
PUC-2026-373,DL05EF0493,2026-06-15,North Delhi Testing,BS-VI
PUC-2026-374,DL05IJ0128,2027-05-31,Noida Inspection Point,BS-IV
PUC-2026-375,UP16IJ0350,2026-09-28,Noida Inspection Point,BS-VI
PUC-2026-376,DL01IJ0426,2026-10-10,North Delhi Testing,BS-IV
PUC-2026-377,DL01IJ0447,2027-03-03,South Delhi Center,BS-IV
PUC-2026-378,DL01IJ0063,2026-11-23,Gurugram Auto Hub,BS-VI
PUC-2026-379,MH12AB0280,2026-11-19,Gurugram Auto Hub,BS-VI
PUC-2026-380,UP16CD0392,2026-12-18,South Delhi Center,BS-VI
PUC-2026-381,DL05CD0509,2026-10-19,Gurugram Auto Hub,BS-IV
PUC-2026-382,UP16EF0197,2026-08-29,Gurugram Auto Hub,BS-VI
PUC-2026-383,MH12GH0358,2026-09-12,South Delhi Center,BS-IV
PUC-2026-384,MH12EF0395,2027-03-23,North Delhi Testing,BS-VI
PUC-2026-385,DL01CD0354,2027-02-05,Gurugram Auto Hub,BS-IV
PUC-2026-386,DL05CD0540,2026-08-08,Noida Inspection Point,BS-VI
PUC-2026-387,UP16GH0165,2027-01-26,Noida Inspection Point,BS-IV
PUC-2026-388,MH12AB0087,2026-08-17,South Delhi Center,BS-IV
PUC-2026-389,DL01EF0541,2026-10-28,South Delhi Center,BS-IV
PUC-2026-390,UP16GH0380,2026-09-24,South Delhi Center,BS-IV
PUC-2026-391,DL05AB0126,2027-01-31,South Delhi Center,BS-VI
PUC-2026-392,DL05IJ0332,2026-11-17,South Delhi Center,BS-IV
PUC-2026-393,UP16GH0017,2026-11-01,Noida Inspection Point,BS-IV
PUC-2026-394,HR26AB0107,2027-01-04,Gurugram Auto Hub,BS-IV
PUC-2026-395,DL05EF0308,2026-06-19,South Delhi Center,BS-IV
PUC-2026-396,DL05IJ0520,2026-08-20,Noida Inspection Point,BS-VI
PUC-2026-397,DL05AB0325,2026-07-27,South Delhi Center,BS-IV
PUC-2026-398,UP16EF0008,2026-12-10,Gurugram Auto Hub,BS-VI
PUC-2026-399,MH12EF0242,2026-08-07,North Delhi Testing,BS-VI
PUC-2026-400,DL01CD0195,2026-12-31,South Delhi Center,BS-VI
PUC-2026-401,MH12CD0476,2026-10-07,North Delhi Testing,BS-IV
PUC-2026-402,DL01GH0439,2026-09-20,Noida Inspection Point,BS-VI
PUC-2026-403,UP16CD0343,2026-08-04,North Delhi Testing,BS-VI
PUC-2026-404,MH12IJ0078,2026-12-22,Noida Inspection Point,BS-IV
PUC-2026-405,UP16GH0203,2026-11-14,Noida Inspection Point,BS-VI
PUC-2026-406,UP16GH0451,2026-09-01,Noida Inspection Point,BS-VI
PUC-2026-407,UP16IJ0418,2026-12-23,Gurugram Auto Hub,BS-VI
PUC-2026-408,MH12GH0482,2026-12-31,South Delhi Center,BS-IV
PUC-2026-409,DL05AB0108,2026-11-06,Gurugram Auto Hub,BS-VI
PUC-2026-410,MH12AB0564,2027-05-14,Noida Inspection Point,BS-VI
PUC-2026-411,MH12EF0324,2027-01-25,Gurugram Auto Hub,BS-IV
PUC-2026-412,DL01AB0147,2026-09-07,Noida Inspection Point,BS-IV
PUC-2026-413,HR26GH0230,2027-04-19,Noida Inspection Point,BS-IV
PUC-2026-414,DL01AB0514,2026-12-13,South Delhi Center,BS-IV
PUC-2026-415,DL05AB0499,2026-11-09,Gurugram Auto Hub,BS-IV
PUC-2026-416,DL01GH0599,2026-10-21,South Delhi Center,BS-VI
PUC-2026-417,DL01EF0511,2027-05-09,Gurugram Auto Hub,BS-VI
PUC-2026-418,UP16EF0140,2026-12-22,North Delhi Testing,BS-VI
PUC-2026-419,DL05EF0461,2026-08-26,Gurugram Auto Hub,BS-IV
PUC-2026-420,HR26EF0527,2026-08-08,Noida Inspection Point,BS-IV
PUC-2026-421,DL05GH0549,2027-06-27,South Delhi Center,BS-IV
PUC-2026-422,HR26IJ0510,2027-05-26,South Delhi Center,BS-VI
PUC-2026-423,DL01CD0588,2026-11-26,North Delhi Testing,BS-IV
PUC-2026-424,HR26IJ0088,2027-05-28,Noida Inspection Point,BS-IV
PUC-2026-425,DL01CD0598,2026-10-12,South Delhi Center,BS-VI
PUC-2026-426,UP16CD0391,2026-06-15,South Delhi Center,BS-VI
PUC-2026-427,DL01EF0437,2026-07-11,Gurugram Auto Hub,BS-VI
PUC-2026-428,MH12AB0537,2027-05-12,Noida Inspection Point,BS-IV
PUC-2026-429,UP16GH0104,2027-03-04,Noida Inspection Point,BS-IV
PUC-2026-430,DL05IJ0466,2026-06-06,South Delhi Center,BS-VI
PUC-2026-431,MH12IJ0052,2026-12-27,North Delhi Testing,BS-VI
PUC-2026-432,MH12AB0287,2026-08-25,North Delhi Testing,BS-VI
PUC-2026-433,MH12AB0424,2026-11-14,North Delhi Testing,BS-IV
PUC-2026-434,UP16IJ0502,2027-02-11,Gurugram Auto Hub,BS-VI
PUC-2026-435,HR26GH0037,2026-09-29,North Delhi Testing,BS-IV
PUC-2026-436,DL01GH0138,2027-01-17,Gurugram Auto Hub,BS-VI
PUC-2026-437,HR26CD0475,2026-07-02,Noida Inspection Point,BS-VI
PUC-2026-438,MH12AB0040,2027-05-13,South Delhi Center,BS-VI
PUC-2026-439,UP16GH0060,2026-10-18,Gurugram Auto Hub,BS-VI
PUC-2026-440,HR26AB0267,2027-04-22,Noida Inspection Point,BS-IV
PUC-2026-441,DL01EF0460,2026-06-28,Gurugram Auto Hub,BS-VI
PUC-2026-442,UP16EF0086,2026-11-16,Gurugram Auto Hub,BS-VI
PUC-2026-443,DL01GH0033,2027-04-24,South Delhi Center,BS-IV
PUC-2026-444,DL01GH0089,2026-07-12,Noida Inspection Point,BS-IV
PUC-2026-445,DL01EF0581,2026-10-06,Gurugram Auto Hub,BS-VI
PUC-2026-446,MH12AB0196,2026-08-14,Gurugram Auto Hub,BS-IV
PUC-2026-447,UP16EF0281,2027-03-05,Noida Inspection Point,BS-IV
PUC-2026-448,DL05EF0144,2026-06-03,North Delhi Testing,BS-VI
PUC-2026-449,DL01IJ0220,2026-06-20,South Delhi Center,BS-VI
PUC-2026-450,MH12EF0299,2026-08-11,North Delhi Testing,BS-IV
PUC-2026-451,DL05GH0116,2026-07-30,Gurugram Auto Hub,BS-VI
PUC-2026-452,DL05GH0582,2026-07-07,Gurugram Auto Hub,BS-VI
PUC-2026-453,UP16EF0494,2026-11-24,Noida Inspection Point,BS-VI
PUC-2026-454,HR26EF0291,2027-06-05,North Delhi Testing,BS-VI
PUC-2026-455,HR26AB0115,2026-08-11,Gurugram Auto Hub,BS-VI
PUC-2026-456,UP16GH0544,2027-03-20,North Delhi Testing,BS-VI
PUC-2026-457,MH12EF0153,2027-06-20,South Delhi Center,BS-IV
PUC-2026-458,DL05AB0404,2026-08-05,Gurugram Auto Hub,BS-IV
PUC-2026-459,HR26GH0345,2026-11-19,North Delhi Testing,BS-IV
PUC-2026-460,HR26AB0394,2027-01-13,Gurugram Auto Hub,BS-IV
PUC-2026-461,HR26IJ0236,2027-03-12,Gurugram Auto Hub,BS-IV
PUC-2026-462,DL01GH0240,2026-06-21,North Delhi Testing,BS-IV
PUC-2026-463,UP16CD0223,2027-06-20,Noida Inspection Point,BS-VI
PUC-2026-464,DL05GH0206,2026-08-11,North Delhi Testing,BS-IV
PUC-2026-465,MH12EF0452,2027-03-21,North Delhi Testing,BS-VI
PUC-2026-466,DL05EF0048,2027-05-08,Noida Inspection Point,BS-IV
PUC-2026-467,UP16IJ0490,2027-04-29,Noida Inspection Point,BS-VI
PUC-2026-468,MH12IJ0109,2026-07-02,Gurugram Auto Hub,BS-VI
PUC-2026-469,MH12AB0435,2026-06-03,North Delhi Testing,BS-IV
PUC-2026-470,DL01IJ0142,2026-09-25,Gurugram Auto Hub,BS-VI
PUC-2026-471,DL05CD0103,2026-06-07,Gurugram Auto Hub,BS-VI
PUC-2026-472,DL05CD0247,2027-02-09,Noida Inspection Point,BS-VI
PUC-2026-473,DL01IJ0164,2026-11-14,North Delhi Testing,BS-VI
PUC-2026-474,MH12EF0525,2026-10-19,Noida Inspection Point,BS-VI
PUC-2026-475,UP16IJ0298,2027-01-04,Gurugram Auto Hub,BS-VI
PUC-2026-476,HR26AB0550,2027-03-18,Gurugram Auto Hub,BS-VI
PUC-2026-477,HR26AB0106,2026-09-29,South Delhi Center,BS-VI
PUC-2026-478,UP16GH0449,2027-03-25,South Delhi Center,BS-IV
PUC-2026-479,HR26EF0269,2027-04-09,Noida Inspection Point,BS-IV
PUC-2026-480,DL01GH0221,2027-06-10,North Delhi Testing,BS-IV
PUC-2026-481,UP16IJ0561,2027-01-24,South Delhi Center,BS-VI
PUC-2026-482,MH12AB0323,2026-12-18,North Delhi Testing,BS-IV
PUC-2026-483,HR26AB0207,2026-11-18,South Delhi Center,BS-VI
PUC-2026-484,DL01AB0117,2027-02-26,South Delhi Center,BS-IV
PUC-2026-485,DL01IJ0272,2026-06-19,South Delhi Center,BS-IV
PUC-2026-486,HR26GH0233,2027-02-01,South Delhi Center,BS-IV
PUC-2026-487,UP16GH0317,2026-12-16,Gurugram Auto Hub,BS-IV
PUC-2026-488,HR26CD0283,2027-03-18,Noida Inspection Point,BS-VI
PUC-2026-489,HR26IJ0532,2027-04-30,North Delhi Testing,BS-VI
PUC-2026-490,MH12AB0177,2027-03-09,Gurugram Auto Hub,BS-VI
PUC-2026-491,MH12CD0314,2027-01-12,North Delhi Testing,BS-IV
PUC-2026-492,MH12IJ0066,2026-07-20,Noida Inspection Point,BS-IV
PUC-2026-493,UP16EF0135,2026-10-22,Gurugram Auto Hub,BS-VI
PUC-2026-494,DL01EF0586,2026-09-16,North Delhi Testing,BS-IV
PUC-2026-495,DL01IJ0398,2027-01-17,Gurugram Auto Hub,BS-IV
PUC-2026-496,DL05IJ0044,2027-04-02,Gurugram Auto Hub,BS-IV
PUC-2026-497,DL05AB0074,2026-05-30,North Delhi Testing,BS-VI
PUC-2026-498,DL05IJ0526,2026-11-28,South Delhi Center,BS-VI
PUC-2026-499,UP16IJ0042,2026-08-17,North Delhi Testing,BS-IV
PUC-2026-500,UP16IJ0133,2027-04-08,North Delhi Testing,BS-IV
PUC-2026-501,HR26EF0101,2026-06-10,South Delhi Center,BS-IV
PUC-2026-502,MH12EF0600,2027-01-18,South Delhi Center,BS-IV
PUC-2026-503,UP16EF0374,2026-11-30,Noida Inspection Point,BS-IV
PUC-2026-504,DL05EF0148,2027-03-25,Gurugram Auto Hub,BS-IV
PUC-2026-505,MH12EF0397,2027-04-09,Gurugram Auto Hub,BS-IV
PUC-2026-506,DL01AB0551,2026-07-28,North Delhi Testing,BS-IV
PUC-2026-507,DL01EF0260,2027-06-15,Gurugram Auto Hub,BS-VI
PUC-2026-508,DL01EF0557,2027-02-03,North Delhi Testing,BS-IV
PUC-2026-509,HR26CD0081,2027-05-25,Noida Inspection Point,BS-VI
PUC-2026-510,HR26GH0468,2027-04-24,Gurugram Auto Hub,BS-VI
PUC-2026-511,DL01GH0055,2027-03-16,Gurugram Auto Hub,BS-IV
PUC-2026-512,DL05GH0445,2026-06-10,Gurugram Auto Hub,BS-IV
PUC-2026-513,DL05GH0538,2027-05-01,Noida Inspection Point,BS-VI
PUC-2026-514,DL05CD0536,2026-07-16,North Delhi Testing,BS-VI
PUC-2026-515,DL01AB0515,2026-06-29,North Delhi Testing,BS-VI
PUC-2026-516,HR26EF0348,2027-05-13,North Delhi Testing,BS-IV
PUC-2026-517,DL01AB0053,2027-01-15,Gurugram Auto Hub,BS-IV
PUC-2026-518,UP16EF0045,2027-03-18,Gurugram Auto Hub,BS-IV
PUC-2026-519,HR26EF0151,2026-06-04,North Delhi Testing,BS-VI
PUC-2026-001,DL01AB1234,2027-01-10,South Delhi Center,BS-VI
PUC-2026-002,DL05CD9876,2026-05-15,North Delhi Testing,BS-IV
PUC-2026-003,HR26EF4455,2026-11-20,Gurugram Auto Hub,BS-VI
PUC-2026-004,UP16GH1122,2027-02-28,Noida Inspection Point,BS-VI
