owner_id,full_name,address_line,city
1,Ekavir Sehgal,"H.No. 310, Doctor Path",Raurkela Industrial Township
2,Lopa Guha,"70/935
Kant Chowk",Bathinda
3,Lucky Lata,"H.No. 94, Chokshi Circle",Nashik
4,Yashvi Brahmbhatt,"375, Oza Chowk",Bardhaman
5,Ishita Wagle,"50
Puri Ganj",Latur
6,Yasti Raval,"49
Dara Ganj",Pallavaram
7,Finn Singh,"53/177, Pillay Road",Munger
8,Raghav Ahuja,"53
Behl Street",Kharagpur
9,Anvi Bhandari,"67/350, Dixit Path",Bidhannagar
10,Nimrat Tak,"039, Zachariah Nagar",Burhanpur
11,Kashvi Saxena,"05/21, Mohanty Nagar",Delhi
12,Benjamin Borde,"27
Aggarwal Road",Chandigarh
13,Kamala Cherian,"84, Hegde Street",Jodhpur
14,Frado Dhar,"H.No. 29, Sha Path",Sambhal
15,Nihal Jhaveri,"H.No. 73
Sarkar Road",Dibrugarh
16,Nandini Saran,"45
Bera Road",Tezpur
17,Umang Sangha,"61/21
Koshy Street",Solapur
18,Ekavir Sachdev,"16/31
Mander Path",Serampore
19,Advik Mahajan,"397
Prabhu Road",Bhagalpur
20,Kavya Rana,"356, Aurora Chowk",Mango
21,Azad Chaudhuri,"62/95, Raju Zila",Bihar Sharif
22,Saumya Dara,"63, Wadhwa Marg",North Dumdum
23,Frado Tara,"37/39, Parmer Road",Kadapa
24,Ayush Padmanabhan,"032, Chand",Raurkela Industrial Township
25,Shaurya Bhattacharyya,"34, Sura",Chapra
26,Vasatika Seth,"58/98
Dalal Path",Howrah
27,Yamini Hans,"96/05, Choudhary Nagar",Mira-Bhayandar
28,Mitesh Raju,"H.No. 011
Kakar Path",Tiruvottiyur
29,Aditya Chad,"91/651
Vasa Chowk",Jaipur
30,Xavier Balan,"174
Prabhakar Road",Ludhiana
31,Vanya Roy,"40/366
Narain",Kolhapur
32,Vyanjana Sahni,"35
Reddy Street",Lucknow
33,Geetika Issac,"09, Das Circle",Guwahati
34,Robert Kaul,"12/517
Pandey Zila",Hospet
35,Karan Dubey,"89/943
Brar Marg",Jamnagar
36,Chatresh Buch,"052
Sridhar Path",Purnia
37,Oliver Khalsa,"45/07, Prabhu Chowk",Allahabad
38,Anay Sarin,"47/232, Bhatnagar Street",Madurai
39,Kalpit Bajwa,"H.No. 207
Munshi Street",Nizamabad
40,Waida Jaggi,"371, Kakar",Jamshedpur
41,Dakshesh Venkatesh,"H.No. 978
Madan Zila",Kollam
42,Xalak Pandya,"63/06, Iyer Path",Bidhannagar
43,Zayyan Kala,"320, Nath",Rampur
44,Gopal Vig,"836, Khanna Zila",Naihati
45,Onveer Patil,"H.No. 36, Guha Path",Kulti
46,Keya Sarna,"04, Grover Circle",Bettiah
47,Banjeet Sengupta,"82/97
Balan Marg",Malda
48,Eiravati Ramachandran,"75, Bhatia Circle",Pondicherry
49,Advika Sem,"H.No. 67
Biswas Circle",Vellore
50,Teerth Bir,"150
Patla Ganj",Warangal
51,Eta Dhingra,"67/721, Dhillon Path",Orai
52,Chandani Raj,"42
Pathak Nagar",Kochi
53,Champak Natarajan,"655
Anne Zila",Gandhidham
54,Bina Arora,"20/404, Ramaswamy Path",Bahraich
55,Brijesh Chaudhary,"22
Bakshi",Allahabad
56,Nathaniel Sharma,"853
Madan Chowk",Chennai
57,Ranveer Buch,"H.No. 891
Sachar",Bidhannagar
58,Nihal Sheth,"81
Baral Circle",Panipat
59,Yashoda Parsa,"34, Mohanty Chowk",Silchar
60,Jason Iyer,"17/87, Puri Nagar",Motihari
61,Nidra Manda,"32/025, Edwin Street",Hazaribagh
62,Ethan Oommen,"H.No. 127, Ramakrishnan Zila",Chinsurah
63,Gaurav Bir,"598
Sarkar Zila",Nadiad
64,Samarth Tandon,"61/291, Hayre Chowk",Jodhpur
65,Hemani Purohit,"28/201
Kata Nagar",Kolhapur
66,Ethan Sarin,"H.No. 070
Zachariah Chowk",Uluberia
67,Watika Gade,"H.No. 864, Saxena Circle",Jaunpur
68,Owen Jaggi,"H.No. 36, Keer Marg",Bhavnagar
69,Jasmit Nigam,"H.No. 054, Raghavan Nagar",Ulhasnagar
70,Jagat Nagar,"54
Raja Zila",Panchkula
71,Nachiket Manda,"H.No. 01, Vala Ganj",Chittoor
72,Mohammed Krishna,"48, Sandal Nagar",South Dumdum
73,Neha Dayal,"H.No. 84
Choudhary Chowk",Erode
74,Gagan Sen,"H.No. 10, Narayan Chowk",Nadiad
75,Champak Mutti,"574, Goswami",Deoghar
76,Mugdha Doshi,"83/61, Ravel Ganj",Gorakhpur
77,Robert Bir,"96/30, Barman Street",Jamshedpur
78,Avni Ben,"H.No. 37, Subramanian Circle",Haridwar
79,Abeer Raval,"08/12, Khosla Marg",Bijapur
80,Harrison Sanghvi,"H.No. 161, Srinivasan Circle",Gopalpur
81,Christopher Nagi,"19/39, Kota Chowk",Raiganj
82,Manan Morar,"H.No. 956
Buch Ganj",Nizamabad
83,Pranit Palan,"45/39
Dasgupta Road",Faridabad
84,Tanmayi Koshy,"28/701, Sane Street",Raichur
85,Unni Gupta,"H.No. 06
Bhandari Street",Chandigarh
86,Harita Goyal,"146
Zachariah Circle",Bikaner
87,Siya Natarajan,"56/723
Tak",Raiganj
88,Yamini Manne,"138, Mand Chowk",Allahabad
89,Saanvi Saran,"764
Nagy Path",Bulandshahr
90,Yasti Patil,"82/17, Bhardwaj Circle",Korba
91,Dev Prakash,"40
Din Zila",Ulhasnagar
92,Prisha Shenoy,"H.No. 25, Gour Chowk",Kochi
93,Yashawini Chhabra,"13/830, Prasad Street",Thanjavur
94,Aryan Prabhu,"H.No. 485
Taneja Circle",Mau
95,Abdul Pal,"25, Behl Road",Karnal
96,Anay Yadav,"77/917
Rege Zila",Agra
97,Kamya Sehgal,"H.No. 18, Contractor Zila",Nizamabad
98,Liam Nagarajan,"08/090, Wali Ganj",Amaravati
99,Wahab Dass,"16/60, Natt Chowk",Pudukkottai
100,Anirudh Agate,"H.No. 20, Karpe Road",Unnao
101,Urmi Amble,"H.No. 347, Kibe Street",Dharmavaram
102,Krishna Khalsa,"05/947, Kumar Path",Rewa
103,Bhavani Narain,"473, Acharya Nagar",Munger
104,Chatura Dhar,"76
Edwin Ganj",Ulhasnagar
105,Owen Keer,"27/075, Agarwal Circle",Tirupati
106,Radhika Parsa,"H.No. 012, Oak Chowk",Tezpur
107,Libni Mann,"246
Mane Zila",Siliguri
108,Wakeeta Mahajan,"846, Ratti Circle",Thanjavur
109,Ranveer Sodhi,"56
Barman Marg",Imphal
110,Warhi Pal,"H.No. 99
Jain Zila",Tadipatri
111,Kritika Khatri,"H.No. 925
Iyengar Road",Bareilly
112,Yashodhara Rajan,"725
Dhar Nagar",Mira-Bhayandar
113,Charles Rajagopalan,"271
Varty Road",Bhusawal
114,Vidhi Chakraborty,"70
Saraf Circle",Jaipur
115,Urvi Saini,"H.No. 23, Nayak Chowk",Mira-Bhayandar
116,Siya Korpal,"27/95, Bora Road",Purnia
117,Barkha Pau,"87/214
Nigam Path",Singrauli
118,Gautam Ranganathan,"H.No. 56, Nayar Street",Suryapet
119,Akshay Din,"H.No. 062
Kanda Ganj",Uluberia
120,Anita Pandya,"72
Dixit Road",Ozhukarai
121,Tanmayi Chakraborty,"480, Gour Path",Bidhannagar
122,Aayush Mander,"H.No. 337, Doctor Marg",Chandigarh
123,Bhavya Venkatesh,"06/419
Tak Road",Thrissur
124,Wazir Warrior,"05
Thaman Marg",Anand
125,Jonathan Rajan,"64/659
Om Path",Sambalpur
126,Hritik Kanda,"H.No. 393
Behl Chowk",Rewa
127,Hema Barad,"12/00
Suresh Ganj",Miryalaguda
128,Ekantika Bawa,"24
Naik Circle",Hospet
129,Chanakya Cherian,"34/94
Kannan Chowk",Amravati
130,Aditya Varty,"H.No. 092
Sastry Circle",Ludhiana
131,Nihal Vora,"30/01, Shenoy Ganj",Sambalpur
132,Rehaan Madan,"50/12, Parmar Zila",Kumbakonam
133,Vedhika Saran,"98
Garg Path",Jalna
134,Charvi Chaudhari,"84/13, Khosla Road",Sirsa
135,Geetika Agate,"864, Saran Ganj",Mahbubnagar
136,Abhiram Mital,"H.No. 85
Pandey Path",Machilipatnam
137,Bhanumati Sankar,"20/774, Parmer Path",Suryapet
138,Ikshita Chowdhury,"488
Nagi Circle",Tadepalligudem
139,Champak Manne,"64/15, Deshpande Road",Medininagar
140,Charan Nayar,"77/917
Dey Nagar",Ramgarh
141,Chavvi Ahuja,"71/47, Korpal",Kolkata
142,Wyatt Reddy,"86, Seth Circle",Bally
143,Reva Golla,"38
Kapur Nagar",Guwahati
144,Aarush Sangha,"61, Tella Chowk",Hospet
145,Arya Chad,"30, Karnik Path",Madurai
146,Sai Venkatesh,"74/670
Bhatti Zila",South Dumdum
147,Vinaya Shankar,"H.No. 668, Kakar Chowk",Ongole
148,Maya Shah,"87/26, Tak Marg",Kulti
149,Ridhi Chad,"94/148
Ahluwalia Path",Chennai
150,Faras Vaidya,"H.No. 821, Sura Marg",Arrah
151,Sanaya Contractor,"H.No. 448, Pau Chowk",Jaunpur
152,Karan Dyal,"H.No. 97, Krishna Path",Khora 
153,Hemangini Bora,"570
Bhavsar Zila",Sikar
154,Xalak Bora,"67/26
Boase Ganj",Bhubaneswar
155,Imaran Ganesh,"H.No. 25, Bose Ganj",Tumkur
156,Waida Rau,"11
Varma Circle",Bidar
157,Jagrati Nath,"20/33, De Path",Guntakal
158,Chaman Bal,"41
Nagi Street",Dharmavaram
159,Qarin Bansal,"H.No. 839, Tata Road",Khammam
160,Vihaan Agrawal,"078
Sarkar Nagar",Siwan
161,Pooja Goyal,"H.No. 847, Som",Dhule
162,Sai Tara,"72/64
Mahajan",Dewas
163,Tanveer Sehgal,"11/41, Char Path",Nagpur
164,Varenya Sankaran,"H.No. 500, Krishnan Circle",Imphal
165,Samaksh Dyal,"H.No. 55
Keer Street",Mirzapur
166,Gaurangi Samra,"71/963, Majumdar Circle",Bareilly
167,Indali Mann,"H.No. 24
Tella Chowk",Mira-Bhayandar
168,Hamsini Lalla,"08/679, Yadav Ganj",Chennai
169,Michael Srinivas,"H.No. 49, Memon Road",Mysore
170,Gaurika Sinha,"40/674
Raju Path",Sangli-Miraj & Kupwad
171,Isaac D’Alia,"78
Hegde Street",Udupi
172,Vasatika Rajagopal,"42/46, Tara Road",Ghaziabad
173,Robert Patel,"53/379
Iyer Nagar",Ludhiana
174,Zayan Nigam,"10/20, Ramesh Circle",Akola
175,Chatresh Ram,"13, Batra Ganj",Gandhinagar
176,Yashawini Basu,"930, Goel Path",Haldia
177,Chavvi Bhardwaj,"H.No. 522
Ravel Chowk",Bijapur
178,Ladli Bhatia,"58/88, Chopra Chowk",Kulti
179,Prisha Tank,"64
Yohannan Marg",Bhind
180,Yagnesh Deol,"73/993
Khare Zila",Sonipat
181,Riya Madan,"184
Varkey Path",Nagercoil
182,Aadi Pillai,"H.No. 027
Sastry Street",Machilipatnam
183,Nakul Gokhale,"62
Dugal Nagar",Varanasi
184,Priya Kaul,"80/05
Mander",Varanasi
185,Irya Thaker,"63
Kade Path",Arrah
186,Max Hegde,"585, Maharaj Path",Tirunelveli
187,Yamini Kata,"H.No. 537
Boase Street",Dehradun
188,Tanmayi Reddy,"02, Sarna Marg",Burhanpur
189,Ekapad Kothari,"666
Setty Zila",Secunderabad
190,Laban Pathak,"011
Jhaveri Chowk",Morena
191,Ijaya Rajagopal,"41, Deep Zila",Junagadh
192,Hema Parmar,"H.No. 401, Dube Marg",Amravati
193,Meera Rout,"H.No. 73, Barad Marg",Amroha
194,Amol Dugar,"27
Chauhan Chowk",Guntur
195,Hemangini Mammen,"H.No. 61, Sankar Road",Kolhapur
196,Kala Gulati,"452
Ghosh Chowk",Jehanabad
197,Teerth Ratta,"H.No. 88
Mallick Marg",Katihar
198,Kiaan Sen,"H.No. 505, Memon Ganj",Bhilai
199,Reyansh Pau,"08/140, Om Street",Ramagundam
200,Pooja Manne,"07
Nayak",Ambala
201,Vanya Venkatesh,"41/148, Chanda Ganj",Ozhukarai
202,Pushti Badal,"66
Kade Ganj",Bhind
203,Orinder Goel,"31/754, Sundaram Ganj",Arrah
204,Deepa Swamy,"075, Srivastava Road",Srinagar
205,Anita Som,"68, Nath Path",Ludhiana
206,Pratyush Hans,"01
Ramanathan Zila",Belgaum
207,Frederick Gade,"16/92, Mand",Sonipat
208,Rehaan Sen,"366
Dixit Ganj",Parbhani
209,Reyansh Dubey,"H.No. 834, Yadav Nagar",Raurkela Industrial Township
210,Jasmit Bath,"77, Nath Marg",Bhilwara
211,Azaan Murty,"96/38
Thakkar Path",Ajmer
212,Indira Lanka,"40/92, Memon Zila",Rourkela
213,Kamala Shankar,"96/694
Uppal Marg",Pudukkottai
214,Ayush Din,"95/24
Arya Chowk",Tiruchirappalli
215,Darsh Gole,"902, Sani Zila",Panvel
216,Vedant Kalita,"696, Bajaj",Imphal
217,Bhanumati Cherian,"99, Sabharwal Zila",Bikaner
218,Ira Kumer,"20/827, Mahajan Road",Madanapalle
219,Jagvi Ramanathan,"095, Tara Street",Nagaon
220,Adya Tara,"63, Bhatt Circle",Guna
221,Owen Lanka,"H.No. 847, Keer Ganj",Loni
222,Vamakshi Sura,"839, Hayre Circle",Patiala
223,Qarin Kapoor,"99/531
Srinivas",Karawal Nagar
224,Ojas Bedi,"62/201, Gade Zila",Nadiad
225,Brinda Aurora,"H.No. 09
Saha Ganj",Thane
226,Fiyaz Pall,"07/842, Bhatia Road",Singrauli
227,Ishita Wali,"39/06, Lad Road",Orai
228,Aayush Soman,"071, Jha Path",Kalyan-Dombivli
229,Warhi Bawa,"67/14, Zacharia Path",Panihati
230,Aarna Chakrabarti,"H.No. 78
Ahluwalia Road",Nangloi Jat
231,Xalak Baral,"18/20, Tiwari Circle",Bhubaneswar
232,Ishanvi Peri,"H.No. 76, Chauhan Road",Barasat
233,Aahana Samra,"65/630, Garg Marg",Bharatpur
234,Mohammed Kata,"58, Bava Marg",Mahbubnagar
235,Zilmil Grover,"H.No. 650, Narasimhan Path",Avadi
236,Nakul Rana,"17, Gokhale Nagar",Bhusawal
237,Upkaar Tella,"615, Barman",Phagwara
238,Anita Buch,"137, Sachdev",Gwalior
239,Lakshmi Balakrishnan,"H.No. 032, Kari Street",Panihati
240,Upasna Subramanian,"H.No. 285, Sastry",North Dumdum
241,Widisha Sarkar,"616, Balasubramanian Road",Belgaum
242,Janya Chanda,"H.No. 290
Bawa Street",Raipur
243,Veda Shanker,"18/776
Bumb Road",Ahmedabad
244,Udyati Peri,"H.No. 26, Bhatti Chowk",Durg
245,Zayyan Hayer,"H.No. 13
Gala Ganj",Adoni
246,Praneel Divan,"H.No. 632
Rajagopal Path",Bhalswa Jahangir Pur
247,Veda Khosla,"H.No. 405
Verma",Gorakhpur
248,Eshana Sant,"395
Ravi Ganj",Deoghar
249,Meera Narang,"68/036
Sha Zila",Sultan Pur Majra
250,Sudiksha Dhar,"38/60
Rau Street",Bahraich
251,Isha Kota,"54
Bobal Circle",Vadodara
252,Dipta Contractor,"H.No. 428, Parmar Nagar",Ozhukarai
253,Krish Acharya,"41
Doctor Nagar",Aurangabad
254,Hardik Nori,"35
Lad Nagar",Kanpur
255,Manan Gupta,"70/31
Batra Circle",Bharatpur
256,Ojas Sodhi,"08/928, Pathak Street",Jalandhar
257,Vrishti Bala,"386
Kumar Road",Asansol
258,Bachittar Om,"73/774
Chaudhuri Zila",Bongaigaon
259,Netra Parekh,"59/18
Palla Ganj",Kozhikode
260,Hamsini Suresh,"780, Agarwal Path",Mahbubnagar
261,Rajata Das,"67, Panchal Zila",Sasaram
262,Bhavani Manne,"78/751
Naik Road",Ghaziabad
263,Ikbal Bhargava,"H.No. 849
Uppal Street",Pondicherry
264,Pranav Sen,"00, Bali Path",Muzaffarpur
265,Rayaan Jain,"66/89, Bhagat Street",Korba
266,Vaishnavi Agrawal,"33/694, Dua",Rourkela
267,Amrita Saraf,"83/89, Sekhon Chowk",Raichur
268,Mekhala Date,"683
Soman Marg",Asansol
269,Nihal Subramanian,"H.No. 93
Sarkar Chowk",Anantapuram
270,Osha Goel,"40, Gaba Nagar",Satna
271,Geetika Kothari,"H.No. 30, Chakraborty Circle",Tinsukia
272,Jason Goyal,"642, Patla Chowk",Kota
273,Pooja Basu,"H.No. 70, Dhawan",Panvel
274,Arin More,"68/501
Das Road",Bijapur
275,Yashoda Shanker,"83, Mand",Parbhani
276,Timothy Sehgal,"077, Dani",Panchkula
277,Anya Date,"H.No. 897, Khalsa Circle",Raebareli
278,Imaran Singh,"84, Mitter Ganj",Miryalaguda
279,Yadavi Bedi,"03, Kumer Road",Maheshtala
280,Luke Jani,"96
Puri Path",Gulbarga
281,Harinakshi Mall,"32/30, Dara Nagar",Ghaziabad
282,Gautami Bhargava,"H.No. 19
Garde Zila",Ichalkaranji
283,Damini Pal,"H.No. 16, Ray Ganj",Pudukkottai
284,Tejas Issac,"01/58, Verma Zila",Ozhukarai
285,Patrick Raman,"H.No. 408
Tandon Path",Thiruvananthapuram
286,Ekantika Mitra,"H.No. 32, Sandal Ganj",Srinagar
287,Dayita Agarwal,"91/42
Rao",Adoni
288,Kabir Pai,"H.No. 70
Hans Road",Yamunanagar
289,Onkar Sidhu,"49
Barman Zila",Singrauli
290,Netra Sarin,"770, Roy Nagar",Dhanbad
291,Adweta Bhakta,"83/790, Mohan Nagar",Bhatpara
292,Tarak Nazareth,"10/007, Joshi Path",Kurnool
293,Nisha Agate,"65/18
Das Chowk",Maheshtala
294,Samaksh Ghosh,"70, Loyal Circle",Mangalore
295,Daksha Naidu,"H.No. 97
Chand Path",Unnao
296,Aradhana Chanda,"H.No. 579
Barman Zila",Bhiwandi
297,Pavani Dugal,"H.No. 80
Kulkarni Road",Korba
298,Bakhshi Edwin,"H.No. 57
Maharaj Chowk",Junagadh
299,Radhika Natt,"590
Cheema",Surendranagar Dudhrej
300,Omkaar Raju,"49/90, Agate",Siwan
301,Ekaraj Chakrabarti,"H.No. 780, Sangha Circle",Raichur
302,Wyatt Mangat,"40/14, Oommen Ganj",Gulbarga
303,Nidra Rajagopalan,"58/512
Bala Circle",Sultan Pur Majra
304,Kabir Tak,"H.No. 08
Warrior Marg",Chittoor
305,Sanaya Pall,"18/176
Banerjee Marg",Raiganj
306,Ikshita Jhaveri,"30/86, Mutti",Kanpur
307,Jeremiah Bajwa,"H.No. 876
Khanna Path",Mirzapur
308,Jeet Bakshi,"H.No. 522, Dube Nagar",Thrissur
309,Henry Jhaveri,"671, Kannan",Nizamabad
310,Baljiwan Subramanian,"65/079, Tank Road",Ranchi
311,Aarnav Prabhu,"H.No. 71, Krishnamurthy",Jamshedpur
312,Benjamin Jhaveri,"H.No. 835, Din Road",Bikaner
313,Veer Gaba,"12, Gour Street",Durgapur
314,Ronith Murty,"915
Khalsa Nagar",Bellary
315,Samarth Jha,"H.No. 41
Jha Nagar",Udaipur
316,Anirudh Puri,"41/97
Patel Ganj",Arrah
317,Mahika Butala,"02/99, Yogi Ganj",Bellary
318,Tanvi Kashyap,"284
Kohli Path",Eluru
319,Anmol Krishna,"H.No. 303
Tata Path",Kavali
320,Daksh Iyer,"400, Agrawal Road",Kurnool
321,Ridhi Bora,"78
Bhat Road",Ludhiana
322,Patrick Bansal,"380
Arora Street",Karnal
323,Hemangini Soman,"H.No. 305, Sankar Zila",Surendranagar Dudhrej
324,Bakhshi Gera,"93, Dugar Marg",Akola
325,Zansi Choudhary,"51
Muni Zila",Davanagere
326,Luke Sama,"05/72
Vasa Zila",Hosur
327,Girindra Dutta,"H.No. 80
Ravel Road",Jaipur
328,Tanay Memon,"H.No. 47
Soni Chowk",Mysore
329,Jason Bail,"H.No. 619, Dutta Path",Bhatpara
330,Kala Chadha,"543, Bobal Zila",Srinagar
331,Noah Shenoy,"H.No. 65, Chaudhari Circle",Amroha
332,Rudra Varty,"H.No. 740
Sani Road",Farrukhabad
333,Barkha Malhotra,"H.No. 87, Sarna Road",Narasaraopet
334,Oni Nori,"H.No. 76
Shenoy Nagar",Ahmedabad
335,Wahab Din,"H.No. 331
Anne Street",Ujjain
336,Zansi Kibe,"28/61
Cherian Street",Chandrapur
337,Lajita Balakrishnan,"43/370, Viswanathan Road",Gaya
338,Bhavya Kadakia,"95/64, Mann Road",Adoni
339,Dakshesh Khalsa,"19/561
Aggarwal Marg",Allahabad
340,Raksha Roy,"H.No. 43
Bera Marg",Udupi
341,Falguni Chhabra,"116
Tank Circle",Aurangabad
342,Baljiwan Ram,"53/08
Om Nagar",Hapur
343,Ati Lad,"746, Mutti Marg",Aurangabad
344,Tanmayi Bhatt,"H.No. 31, Sibal Road",Chapra
345,Girik Roy,"51/625
Subramaniam Circle",Nashik
346,Mahika Boase,"H.No. 69, Sawhney Path",Kollam
347,Yoshita Saha,"16
Mallick Chowk",Bhagalpur
348,Ayush Prabhakar,"746, Kashyap Circle",Phagwara
349,Manya Ranganathan,"00/665, Narayan Road",Kurnool
350,Watika Ravel,"H.No. 97
Nigam Path",Raipur
351,Yashica Chad,"47/195, Shere Ganj",Tinsukia
352,Gaurangi Subramaniam,"H.No. 612
Goel",Chennai
353,Chandani Dhar,"245
Chakraborty Circle",Bharatpur
354,Ojas Bala,"15/33
Guha Street",Panvel
355,Zayan Dyal,"H.No. 53, Bumb Chowk",Pondicherry
356,Samaksh Tandon,"59/54
Nadkarni Street",Malegaon
357,Zashil Dubey,"H.No. 241, Mann Road",Berhampore
358,Dalaja Bakshi,"23, Madan Circle",Sultan Pur Majra
359,Nathan Balay,"H.No. 495
Pandit Circle",Chinsurah
360,Ridhi Walla,"00, Balasubramanian Zila",Rourkela
361,Chameli Sane,"137, Rastogi Ganj",Munger
362,Osha Borde,"817, Kamdar Chowk",Kirari Suleman Nagar
363,Advaith Sodhi,"38, Jayaraman Ganj",Pudukkottai
364,Varsha Devan,"H.No. 900, Reddy",Nizamabad
365,Lohit Sibal,"H.No. 75
Hayer Nagar",Siwan
366,Chameli Chander,"H.No. 430, Srinivasan Nagar",Ujjain
367,Chaaya Bandi,"06/848
Reddy Street",Rajpur Sonarpur
368,Samaksh Keer,"H.No. 502, Bhattacharyya Path",Pallavaram
369,Ojas Borra,"H.No. 253, Jain Path",Satara
370,Reyansh Varma,"01/58, Sabharwal Road",Ramgarh
371,Ladli Sood,"H.No. 707, Sura Path",Mirzapur
372,Zilmil Contractor,"09, Kala Marg",Ramagundam
373,Ranveer Choudhary,"96/99, Ramachandran Chowk",Pune
374,Adweta Srinivasan,"H.No. 09, Luthra Path",Guntur
375,Vyanjana Malhotra,"H.No. 890, Babu Street",Tumkur
376,Arjun Dhillon,"18/109
Andra Road",Morena
377,Hemang Hayer,"99/53
Mitter Path",Bijapur
378,Banjeet Keer,"074, Shah Ganj",Gudivada
379,Hemal Madan,"92/758
Khurana Path",Nagpur
380,Vasatika Mani,"598, Dewan Road",Tadepalligudem
381,Forum Halder,"H.No. 451
Swamy Path",Dharmavaram
382,Laban Bora,"77
Kaul Path",Thoothukudi
383,Chanchal Dora,"H.No. 71, Goda Ganj",Srikakulam
384,Xavier Parekh,"09, Verma Path",Fatehpur
385,Yashoda Zacharia,"40/75, Chadha Street",Rajpur Sonarpur
386,Pratyush Narain,"372, Kale Chowk",Panipat
387,Vyanjana Brahmbhatt,"82/131, Nanda Chowk",Dibrugarh
388,Faraj Karnik,"47/853, Sridhar Chowk",Buxar
389,Amaira Ramesh,"H.No. 250
Krishnamurthy",Mau
390,Omya Dugal,"H.No. 302, Palan Zila",Sonipat
391,Brinda Dewan,"52/84, Mohanty Circle",Jamnagar
392,Chavvi Dass,"H.No. 365, Dutta Marg",Chennai
393,Raksha Hayre,"08
Korpal Marg",Gurgaon
394,Udarsh Chhabra,"71
Panchal Marg",Morena
395,Geetika Chadha,"88/10, Dey Nagar",Amaravati
396,Anvi Srinivas,"13/72
Bhatnagar Circle",Mumbai
397,Balendra Deol,"90/86
Mital Path",Karawal Nagar
398,Devansh Pathak,"85
Badami Street",Ahmedabad
399,Bhavani Parmar,"849, Venkataraman Zila",Nanded
400,Warhi Srinivasan,"60/99
Suresh Chowk",Raebareli
401,Libni Bhardwaj,"52/835
Sharma Nagar",Kharagpur
402,Anika Sawhney,"14
Gandhi Nagar",Morbi
403,Onveer Banerjee,"81, Ranganathan Marg",North Dumdum
404,Krishna Pandya,"389, Majumdar Chowk",Bidar
405,Lucky Mann,"880
Lata Street",Bhiwani
406,Kritika Dhar,"H.No. 39
Puri Nagar",Gandhidham
407,Baljiwan Barad,"30/709
Raju Nagar",Karawal Nagar
408,Ganga Kothari,"H.No. 144
Chakraborty Ganj",Jaipur
409,Panini Hari,"86, Vyas Marg",Korba
410,Faris Ratta,"H.No. 505, Tank Ganj",Srinagar
411,Deepa Nagar,"653, Singhal Chowk",Kalyan-Dombivli
412,Sai Sant,"26/99, Srinivasan Chowk",Rajahmundry
413,Chakradev Pandya,"H.No. 30
Sathe Chowk",Ajmer
414,Warda Tella,"383, Balay Circle",Raichur
415,Sachi Sampath,"67
Chatterjee Road",Davanagere
416,Idika Kara,"74/419, Cherian Ganj",Chandigarh
417,Falan Nori,"07/668, Nagar Path",Akola
418,Aachal Prashad,"H.No. 75
Gour Street",Kavali
419,Anmol Saha,"67, Arya",Hyderabad
420,Kamala Sule,"65, De Nagar",Aurangabad
421,Vasana Mistry,"10/91, Pai Ganj",Ujjain
422,Upkaar Bedi,"H.No. 17
Dixit Circle",Gandhinagar
423,Om Virk,"H.No. 57
Keer",Serampore
424,Brijesh Karan,"41/380
Deep Marg",Motihari
425,Jackson Vaidya,"784
Rau Marg",Bikaner
426,Oscar Saxena,"03
Rastogi Nagar",Thiruvananthapuram
427,Gavin Rama,"00
Kumar Road",Berhampur
428,Eshana Kanda,"H.No. 861
Padmanabhan Circle",Raebareli
429,Gagan Dara,"25
Kapur Path",Tezpur
430,Pahal Chatterjee,"H.No. 07, Dhillon Nagar",Muzaffarnagar
431,Unni Badal,"04, Tara Ganj",Karnal
432,Adweta Jhaveri,"H.No. 207, Kant Circle",Morena
433,Hemal Virk,"56/687, Buch Street",Bhubaneswar
434,Quincy Raman,"H.No. 538, Ranganathan Circle",Madanapalle
435,Lopa Sanghvi,"74
Bal Path",Kottayam
436,Dev Suresh,"72/47
Parekh Nagar",Ujjain
437,Qushi Konda,"03
Saini",Khora 
438,Sneha Handa,"26/631, Devi Zila",Madurai
439,Irya Gour,"50, Issac Marg",Dharmavaram
440,Krishna Loyal,"H.No. 169, Thakur Circle",Akola
441,Hitesh Jaggi,"066, Wadhwa Ganj",South Dumdum
442,Zinal Chakrabarti,"H.No. 421
Keer Ganj",Junagadh
443,Forum Bansal,"53/58, Thaker Zila",Malegaon
444,Shivansh Apte,"90/40, Nayar Zila",Guwahati
445,Dalbir Krish,"40, Chaudhuri Ganj",Jehanabad
446,Xiti Rau,"H.No. 58, Yohannan Circle",North Dumdum
447,Harsh Deep,"596
Chandra Path",Maheshtala
448,Kamala Deo,"H.No. 57
Kala Road",Farrukhabad
449,Bakhshi Comar,"56/12, Loyal",Miryalaguda
450,Yachana Mitra,"63/99, Ben Road",Hyderabad
451,Vasana Prashad,"72/374, Hayre Ganj",Durgapur
452,Faqid Rege,"47/46, Rattan Street",Mahbubnagar
453,Zilmil Sunder,"H.No. 764
Parmar Ganj",Karawal Nagar
454,Anthony Tiwari,"77, Sachdev",Motihari
455,Anay Sama,"63/05
Barad Street",Raebareli
456,Samuel Saini,"412
Sachar Marg",Jamshedpur
457,Oeshi Ravel,"H.No. 81, Mammen Chowk",Jammu
458,Aarav Mallick,"24/174, Sarkar Zila",Bongaigaon
459,Viraj Tella,"24
Devi Nagar",Aurangabad
460,Osha Dasgupta,"H.No. 63
Sharaf Path",Durg
461,Nisha Parmar,"10, Mand Zila",Tezpur
462,Ekta Khosla,"H.No. 81
Saraf Nagar",Deoghar
463,Ikshita Bhargava,"H.No. 35, Chadha",Madanapalle
464,Watika Khalsa,"14/06
Kade Ganj",Nangloi Jat
465,Leela Varkey,"H.No. 98, Dyal",Dibrugarh
466,Hemani Choudhary,"H.No. 994, Bail Road",Surendranagar Dudhrej
467,Mitesh Vig,"14/20
Rama Street",Thrissur
468,Omisha Sankar,"32, Gala Chowk",Pudukkottai
469,Tara Sathe,"85/36, Narayanan Zila",Baranagar
470,Gavin Luthra,"H.No. 145, Solanki Road",Panchkula
471,Quincy Lall,"35
Chaudhary Circle",Amritsar
472,Frederick Kashyap,"05, Barad Nagar",Nagaon
473,Bhanumati Seshadri,"37/924
Divan Marg",Tiruvottiyur
474,Umang Karnik,"90, Lanka Nagar",Madanapalle
475,Ayaan Iyer,"H.No. 639, Mammen Ganj",Ahmedabad
476,Faris Saxena,"207
Kata Marg",Gulbarga
477,Farhan Ramakrishnan,"793, Jain Zila",Nangloi Jat
478,Megha Bava,"49/33, Sha Marg",Uluberia
479,Garima Gulati,"66/133, Gola Chowk",Rampur
480,Anirudh Rao,"09/01, Patla Ganj",Gopalpur
481,Ekalinga Banerjee,"H.No. 446
Kakar Path",Barasat
482,Wishi Sandhu,"80, Choudhry Chowk",Sambalpur
483,Aarush Magar,"H.No. 18
Date Path",Thanjavur
484,Dipta Palla,"353, Zacharia Street",Ozhukarai
485,Nisha Jha,"H.No. 289
Char Circle",Durgapur
486,Pranit Sampath,"39, Setty Circle",Ramgarh
487,Sathvik Parmer,"700, Gour Marg",Siwan
488,Ekavir Nagi,"252, Sehgal Chowk",Bangalore
489,Neha Singh,"87
Krishnan Road",Chennai
490,Yuvraj Vora,"20/311, Kothari Circle",Nagpur
491,Alka Lad,"638, Ahuja Zila",Karnal
492,Amrita Kakar,"98
Mohanty Chowk",Hyderabad
493,Nicholas Bail,"H.No. 09
Agate",Nagpur
494,Vedant Hayre,"53/09
Jain Nagar",Agartala
495,Chanakya Sule,"00, Devan Road",Ratlam
496,Advika Khurana,"37, Sandhu",Durgapur
497,Yatin Dutta,"76/99
Sachar Street",Guntur
498,Faras Dhar,"H.No. 369
Tara Zila",Faridabad
499,Rishi Kohli,"700, Bera",Shimoga
500,Ishanvi Sarna,"01/45
Minhas Street",Amritsar
501,Libni Kade,"H.No. 213, Gole Nagar",Berhampore
502,Henry Lal,"87, Apte Road",Berhampur
503,Yasti Bir,"062, Comar Chowk",Danapur
504,Ekalinga Gade,"07, Keer Ganj",Bardhaman
505,Zarna Nori,"197, Ramanathan",Gandhinagar
506,Farhan Sama,"11/970, Butala Circle",Amravati
507,Abdul Karpe,"52/453, Bhatia Street",Vijayanagaram
508,Gunbir Dixit,"05/60
Pillai Zila",Khandwa
509,Aradhana Mohan,"H.No. 162, Borra Zila",Rajkot
510,Aditya Sunder,"31/534
Sengupta Ganj",Kalyan-Dombivli
511,Yahvi Sengupta,"28/52
Nadkarni Zila",Vijayawada
512,Logan Guha,"H.No. 149, Mohan Circle",Bellary
513,Viraj Varma,"46/68
Narayan Road",Pune
514,Raksha Hayre,"13/37, Bhasin Street",Panchkula
515,Henry Sethi,"09/68, Sekhon Nagar",Panipat
516,Widisha Sheth,"H.No. 81
Kumar Nagar",Akola
517,Rishi Sridhar,"68/48
Shah Zila",Burhanpur
518,Manan Mahajan,"83, Pant Marg",Purnia
519,Samarth Randhawa,"H.No. 568, Varghese Road",Bettiah
520,Lekha Korpal,"07, Anand Nagar",Ambattur
521,Aadhya Johal,"H.No. 994, Bawa Nagar",Madanapalle
522,Falak Parmer,"68
Dutt Marg",Burhanpur
523,Ayushman Bhakta,"34/40, Patla Path",Farrukhabad
524,Kabir Tandon,"30/583, Chopra Street",Cuttack
525,Yatan Bora,"22/380
Soni Street",Davanagere
526,Lohit Bora,"H.No. 927, Tella Circle",Sikar
527,Bhavini Dewan,"55, Pathak Road",Bhagalpur
528,Pavani Bala,"H.No. 18, Kakar Chowk",Warangal
529,Isaiah Dixit,"H.No. 92, Dora Circle",Vellore
530,Bhavika Buch,"494, Chandran Marg",Bardhaman
531,Wahab Nadig,"90
Bath Ganj",Ujjain
532,Libni Subramaniam,"H.No. 515
Karan Road",Surendranagar Dudhrej
533,Falguni Sastry,"66, Datta Street",Karnal
534,Upadhriti Mannan,"928
Saini",Darbhanga
535,Ethan Mallick,"06/84, Nath Circle",Bhilai
536,Oscar Karan,"743, Ray Nagar",Mahbubnagar
537,Jack Narasimhan,"83, Nagarajan Circle",Jalna
538,Sai Gulati,"H.No. 69, Sanghvi Path",Bathinda
539,Alexander Gour,"77
Nadkarni Street",Eluru
540,Kalpit Chandran,"H.No. 45, Kumer Path",Sirsa
541,Diya Patel,"29/203
Tata Street",Pune
542,Nandini Lata,"96
Babu Path",Bhusawal
543,Janani Ahluwalia,"40
Bala Circle",Eluru
544,Kritika Dugar,"H.No. 350
Hora Road",Kollam
545,Yashodhara Sawhney,"42
Agate Circle",Ozhukarai
546,Devika Golla,"95/73, Sehgal Ganj",Satna
547,Yutika Garg,"H.No. 681, Issac Nagar",Bijapur
548,Oni Oza,"29, Wable Nagar",Udupi
549,Kabir Bhakta,"63/01, Tailor Nagar",Varanasi
550,Ekapad Atwal,"066, Basu",Unnao
551,Sudiksha Korpal,"63, Nagarajan Zila",Nadiad
552,Anvi Sehgal,"23/42
Shere Circle",Kadapa
553,Owen Sant,"938
Subramaniam Street",Gandhinagar
554,Timothy Krishnan,"H.No. 601, Mittal Nagar",Hindupur
555,Kevin Pandit,"24/743, Iyengar Marg",Jaunpur
556,Nakul Amble,"36/459
Chaudry Path",Bhubaneswar
557,Anya Tak,"893
Dass Zila",Hazaribagh
558,Aryan Shah,"042
Batta Path",Kakinada
559,Zaid Wable,"18/748, Mannan Road",Raurkela Industrial Township
560,Wakeeta Desai,"93/155, Ganesan Ganj",Pune
561,Irya Mane,"11/395, Banik Marg",Kanpur
562,Unnati Kala,"H.No. 162
Krishnamurthy Zila",New Delhi
563,Harrison Srinivasan,"807
Natarajan Nagar",Mathura
564,Zayan Walia,"09/06, Varkey Chowk",Raichur
565,Reva Borah,"H.No. 011
Kala",Davanagere
566,Harshil Char,"29/466, Goel Circle",Dehri
567,Dipta Varghese,"H.No. 028
Dugar Path",Giridih
568,Timothy Din,"H.No. 495, Sem Road",Mumbai
569,Vedika Solanki,"749
Rajan Ganj",Tinsukia
570,Tristan Tara,"H.No. 05
Bhatia Path",Farrukhabad
571,Meghana Goswami,"76/69, Butala Nagar",Noida
572,Sai Goda,"47/07, Yohannan Street",Shivpuri
573,Nidra Patel,"08
Vala Zila",Kota
574,Rachita Mand,"H.No. 40, Wason",Pondicherry
575,Aarav Malhotra,"87/75, Choudhury Street",Morbi
576,Matthew Sastry,"11/00, Sathe Circle",Tirunelveli
577,Bakhshi Chakraborty,"75, Ghosh Road",Phusro
578,Bhavini Jha,"H.No. 457, Ratta Road",Narasaraopet
579,Urishilla Varkey,"H.No. 52, Narayan Chowk",Kamarhati
580,Rajata Pradhan,"90/35
Srinivas Ganj",Proddatur
581,Patrick Shetty,"82, Gera Marg",Malegaon
582,Chaitaly Ahuja,"683, Subramaniam Path",Malda
583,Gaurangi Hayre,"75
Mohanty Nagar",Karaikudi
584,Dhruv Sami,"537
Patla Marg",Gurgaon
585,Osha Char,"H.No. 956
De Path",Khandwa
586,Neel Banik,"26, Chaudhari Zila",Chittoor
587,Yashodhara Chacko,"183, Khurana Road",Pimpri-Chinchwad
588,Abhimanyu Kumar,"44/184
Lal",Shimoga
589,Ati Minhas,"32/23
Chacko Marg",Vijayanagaram
590,Nitara Atwal,"23, Kapoor Street",Kolkata
591,Kavya Gola,"60/07, Narula Marg",Imphal
592,Harrison Thaman,"98, Subramaniam Ganj",Kochi
593,William Bose,"13/071
Padmanabhan Path",Kharagpur
594,Ekansh Gara,"H.No. 23, Nagy Road",Mau
595,Girish Sarkar,"738, Bassi Road",Buxar
596,Lila Walia,"66/396
Kurian Ganj",Berhampur
597,Hitesh Narasimhan,"21/700
Chowdhury",Thoothukudi
598,Upadhriti Char,"67
Gala Road",Raurkela Industrial Township
599,Aradhana Sandhu,"H.No. 08, Khosla Marg",Jammu
600,Yashodhara Yogi,"609, Edwin Street",Sagar
601,Ramesh Sharma,12 Barakhamba Road,New Delhi
602,Priya Singh,45 Mall Road,Delhi
603,Amit Verma,77 Cyber Hub,Gurugram
604,Vikram Patel,88 Sector 62,Noida
605,Sunita Rao,22 Lajpat Nagar,New Delhi
